"ID","Frecuencia","Porcentaje","Frecuencia_Acumulada","Porcentaje_Acumulado"
"HP:0001263",145,0.984,145,0.984
"HP:0001249",136,0.923,281,1.907
"HP:0001250",131,0.889,412,2.796
"HP:0000252",115,0.781,527,3.577
"HP:0000006",114,0.774,641,4.351
"HP:0001252",112,0.76,753,5.111
"HP:0000750",107,0.726,860,5.837
"HP:0004322",95,0.645,955,6.482
"HP:0000486",93,0.631,1048,7.113
"HP:0000028",87,0.591,1135,7.704
"HP:0000316",86,0.584,1221,8.288
"HP:0011968",83,0.563,1304,8.851
"HP:0000369",80,0.543,1384,9.394
"HP:0002650",80,0.543,1464,9.937
"HP:0003593",80,0.543,1544,10.48
"HP:0000729",78,0.529,1622,11.009
"HP:0000286",75,0.509,1697,11.518
"HP:0000347",68,0.462,1765,11.98
"HP:0000494",68,0.462,1833,12.441
"HP:0001382",67,0.455,1900,12.896
"HP:0005280",63,0.428,1963,13.324
"HP:0001508",62,0.421,2025,13.745
"HP:0000463",61,0.414,2086,14.159
"HP:0000508",61,0.414,2147,14.573
"HP:0002020",60,0.407,2207,14.98
"HP:0000219",59,0.4,2266,15.38
"HP:0000365",59,0.4,2325,15.781
"HP:0007018",59,0.4,2384,16.181
"HP:0000218",58,0.394,2442,16.575
"HP:0000358",57,0.387,2499,16.962
"HP:0004209",57,0.387,2556,17.349
"HP:0000431",56,0.38,2612,17.729
"HP:0001629",55,0.373,2667,18.102
"HP:0002119",55,0.373,2722,18.476
"HP:0001511",54,0.367,2776,18.842
"HP:0003577",54,0.367,2830,19.209
"HP:0000582",53,0.36,2883,19.568
"HP:0000718",53,0.36,2936,19.928
"HP:0001270",53,0.36,2989,20.288
"HP:0001631",53,0.36,3042,20.648
"HP:0000047",52,0.353,3094,21
"HP:0001510",51,0.346,3145,21.347
"HP:0000343",50,0.339,3195,21.686
"HP:0000455",50,0.339,3245,22.025
"HP:0001643",50,0.339,3295,22.365
"HP:0001344",49,0.333,3344,22.697
"HP:0008872",49,0.333,3393,23.03
"HP:0000154",48,0.326,3441,23.356
"HP:0001290",48,0.326,3489,23.682
"HP:0010864",48,0.326,3537,24.007
"HP:0000739",47,0.319,3584,24.326
"HP:0000639",43,0.292,3627,24.618
"HP:0000708",43,0.292,3670,24.91
"HP:0002360",43,0.292,3713,25.202
"HP:0000007",42,0.285,3755,25.487
"HP:0000175",42,0.285,3797,25.772
"HP:0000322",42,0.285,3839,26.057
"HP:0000490",42,0.285,3881,26.342
"HP:0000574",42,0.285,3923,26.627
"HP:0003196",42,0.285,3965,26.912
"HP:0000545",40,0.271,4005,27.184
"HP:0001256",40,0.271,4045,27.455
"HP:0000256",39,0.265,4084,27.72
"HP:0000278",39,0.265,4123,27.985
"HP:0002079",39,0.265,4162,28.25
"HP:0001763",38,0.258,4200,28.507
"HP:0002007",38,0.258,4238,28.765
"HP:0001999",37,0.251,4275,29.016
"HP:0002553",37,0.251,4312,29.268
"HP:0000664",36,0.244,4348,29.512
"HP:0000752",36,0.244,4384,29.756
"HP:0001513",36,0.244,4420,30.001
"HP:0011220",36,0.244,4456,30.245
"HP:0000023",35,0.238,4491,30.483
"HP:0000400",35,0.238,4526,30.72
"HP:0000414",35,0.238,4561,30.958
"HP:0001156",35,0.238,4596,31.195
"HP:0002019",35,0.238,4631,31.433
"HP:0002750",35,0.238,4666,31.67
"HP:0000076",34,0.231,4700,31.901
"HP:0000540",34,0.231,4734,32.132
"HP:0000717",34,0.231,4768,32.363
"HP:0001251",34,0.231,4802,32.593
"HP:0002714",34,0.231,4836,32.824
"HP:0000248",33,0.224,4869,33.048
"HP:0000280",33,0.224,4902,33.272
"HP:0000348",32,0.217,4934,33.489
"HP:0000426",32,0.217,4966,33.707
"HP:0000767",32,0.217,4998,33.924
"HP:0001537",32,0.217,5030,34.141
"HP:0031936",32,0.217,5062,34.358
"HP:0000407",31,0.21,5093,34.569
"HP:0000527",31,0.21,5124,34.779
"HP:0000733",31,0.21,5155,34.989
"HP:0001007",31,0.21,5186,35.2
"HP:0000294",30,0.204,5216,35.404
"HP:0000470",30,0.204,5246,35.607
"HP:0001257",30,0.204,5276,35.811
"HP:0001274",30,0.204,5306,36.014
"HP:0001627",30,0.204,5336,36.218
"HP:0002342",30,0.204,5366,36.422
"HP:0002808",30,0.204,5396,36.625
"HP:0008897",30,0.204,5426,36.829
"HP:0000303",29,0.197,5455,37.026
"HP:0000954",29,0.197,5484,37.223
"HP:0001347",29,0.197,5513,37.419
"HP:0002205",29,0.197,5542,37.616
"HP:0000126",28,0.19,5570,37.806
"HP:0000179",28,0.19,5598,37.996
"HP:0000319",28,0.19,5626,38.186
"HP:0001182",28,0.19,5654,38.376
"HP:0030084",28,0.19,5682,38.566
"HP:0000276",27,0.183,5709,38.75
"HP:0000506",27,0.183,5736,38.933
"HP:0000518",27,0.183,5763,39.116
"HP:0011800",27,0.183,5790,39.3
"HP:0000054",26,0.176,5816,39.476
"HP:0000160",26,0.176,5842,39.652
"HP:0000505",26,0.176,5868,39.829
"HP:0000648",26,0.176,5894,40.005
"HP:0001773",26,0.176,5920,40.182
"HP:0011463",26,0.176,5946,40.358
"HP:0000403",25,0.17,5971,40.528
"HP:0001385",25,0.17,5996,40.698
"HP:0001762",25,0.17,6021,40.867
"HP:0030680",25,0.17,6046,41.037
"HP:0000405",24,0.163,6070,41.2
"HP:0000483",24,0.163,6094,41.363
"HP:0000722",24,0.163,6118,41.526
"HP:0001636",24,0.163,6142,41.689
"HP:0002015",24,0.163,6166,41.852
"HP:0002120",24,0.163,6190,42.015
"HP:0002719",24,0.163,6214,42.177
"HP:0012450",24,0.163,6238,42.34
"HP:0100716",24,0.163,6262,42.503
"HP:0000233",23,0.156,6285,42.659
"HP:0000337",23,0.156,6308,42.815
"HP:0000581",23,0.156,6331,42.972
"HP:0000821",23,0.156,6354,43.128
"HP:0001288",23,0.156,6377,43.284
"HP:0001852",23,0.156,6400,43.44
"HP:0000272",22,0.149,6422,43.589
"HP:0000445",22,0.149,6444,43.739
"HP:0000684",22,0.149,6466,43.888
"HP:0000687",22,0.149,6488,44.037
"HP:0001561",22,0.149,6510,44.187
"HP:0008947",22,0.149,6532,44.336
"HP:0000164",21,0.143,6553,44.478
"HP:0000238",21,0.143,6574,44.621
"HP:0000411",21,0.143,6595,44.763
"HP:0000448",21,0.143,6616,44.906
"HP:0000998",21,0.143,6637,45.049
"HP:0001276",21,0.143,6658,45.191
"HP:0002162",21,0.143,6679,45.334
"HP:0008070",21,0.143,6700,45.476
"HP:0008551",21,0.143,6721,45.619
"HP:0200055",21,0.143,6742,45.761
"HP:0000085",20,0.136,6762,45.897
"HP:0003623",20,0.136,6782,46.033
"HP:0012745",20,0.136,6802,46.168
"HP:0000568",19,0.129,6821,46.297
"HP:0001260",19,0.129,6840,46.426
"HP:0001371",19,0.129,6859,46.555
"HP:0001518",19,0.129,6878,46.684
"HP:0001647",19,0.129,6897,46.813
"HP:0002188",19,0.129,6916,46.942
"HP:0000232",18,0.122,6934,47.064
"HP:0000307",18,0.122,6952,47.187
"HP:0002209",18,0.122,6970,47.309
"HP:0008736",18,0.122,6988,47.431
"HP:0008936",18,0.122,7006,47.553
"HP:0011304",18,0.122,7024,47.675
"HP:0000089",17,0.115,7041,47.791
"HP:0000193",17,0.115,7058,47.906
"HP:0000377",17,0.115,7075,48.021
"HP:0000430",17,0.115,7092,48.137
"HP:0000520",17,0.115,7109,48.252
"HP:0000629",17,0.115,7126,48.368
"HP:0000712",17,0.115,7143,48.483
"HP:0000960",17,0.115,7160,48.598
"HP:0001321",17,0.115,7177,48.714
"HP:0001655",17,0.115,7194,48.829
"HP:0001761",17,0.115,7211,48.945
"HP:0001792",17,0.115,7228,49.06
"HP:0002002",17,0.115,7245,49.175
"HP:0002059",17,0.115,7262,49.291
"HP:0002167",17,0.115,7279,49.406
"HP:0002194",17,0.115,7296,49.521
"HP:0002566",17,0.115,7313,49.637
"HP:0002705",17,0.115,7330,49.752
"HP:0009879",17,0.115,7347,49.868
"HP:0012471",17,0.115,7364,49.983
"HP:0045025",17,0.115,7381,50.098
"HP:0000268",16,0.109,7397,50.207
"HP:0000293",16,0.109,7413,50.316
"HP:0000378",16,0.109,7429,50.424
"HP:0000716",16,0.109,7445,50.533
"HP:0000776",16,0.109,7461,50.641
"HP:0001212",16,0.109,7477,50.75
"HP:0001337",16,0.109,7493,50.859
"HP:0001357",16,0.109,7509,50.967
"HP:0001873",16,0.109,7525,51.076
"HP:0002353",16,0.109,7541,51.184
"HP:0004279",16,0.109,7557,51.293
"HP:0004691",16,0.109,7573,51.402
"HP:0009765",16,0.109,7589,51.51
"HP:0011344",16,0.109,7605,51.619
"HP:0012385",16,0.109,7621,51.727
"HP:0000083",15,0.102,7636,51.829
"HP:0000119",15,0.102,7651,51.931
"HP:0000194",15,0.102,7666,52.033
"HP:0000289",15,0.102,7681,52.135
"HP:0000325",15,0.102,7696,52.236
"HP:0000565",15,0.102,7711,52.338
"HP:0000826",15,0.102,7726,52.44
"HP:0001320",15,0.102,7741,52.542
"HP:0001387",15,0.102,7756,52.644
"HP:0001419",15,0.102,7771,52.746
"HP:0001642",15,0.102,7786,52.847
"HP:0001680",15,0.102,7801,52.949
"HP:0002069",15,0.102,7816,53.051
"HP:0002465",15,0.102,7831,53.153
"HP:0002788",15,0.102,7846,53.255
"HP:0002827",15,0.102,7861,53.356
"HP:0009237",15,0.102,7876,53.458
"HP:0012378",15,0.102,7891,53.56
"HP:0000384",14,0.095,7905,53.655
"HP:0000501",14,0.095,7919,53.75
"HP:0000637",14,0.095,7933,53.845
"HP:0000678",14,0.095,7947,53.94
"HP:0001305",14,0.095,7961,54.035
"HP:0001324",14,0.095,7975,54.13
"HP:0001328",14,0.095,7989,54.225
"HP:0001363",14,0.095,8003,54.32
"HP:0001601",14,0.095,8017,54.415
"HP:0001824",14,0.095,8031,54.51
"HP:0002023",14,0.095,8045,54.605
"HP:0002307",14,0.095,8059,54.7
"HP:0002376",14,0.095,8073,54.795
"HP:0003202",14,0.095,8087,54.89
"HP:0006610",14,0.095,8101,54.985
"HP:0007360",14,0.095,8115,55.08
"HP:0009928",14,0.095,8129,55.175
"HP:0011461",14,0.095,8143,55.27
"HP:0012810",14,0.095,8157,55.366
"HP:0033725",14,0.095,8171,55.461
"HP:0410263",14,0.095,8185,55.556
"HP:0000010",13,0.088,8198,55.644
"HP:0000341",13,0.088,8211,55.732
"HP:0000396",13,0.088,8224,55.82
"HP:0000453",13,0.088,8237,55.909
"HP:0000689",13,0.088,8250,55.997
"HP:0000691",13,0.088,8263,56.085
"HP:0000709",13,0.088,8276,56.173
"HP:0000957",13,0.088,8289,56.261
"HP:0001166",13,0.088,8302,56.35
"HP:0001272",13,0.088,8315,56.438
"HP:0001319",13,0.088,8328,56.526
"HP:0001845",13,0.088,8341,56.614
"HP:0002373",13,0.088,8354,56.703
"HP:0002500",13,0.088,8367,56.791
"HP:0010804",13,0.088,8380,56.879
"HP:0012758",13,0.088,8393,56.967
"HP:0100490",13,0.088,8406,57.056
"HP:0100790",13,0.088,8419,57.144
"HP:0000158",12,0.081,8431,57.225
"HP:0000311",12,0.081,8443,57.307
"HP:0000589",12,0.081,8455,57.388
"HP:0000612",12,0.081,8467,57.47
"HP:0000668",12,0.081,8479,57.551
"HP:0000670",12,0.081,8491,57.633
"HP:0000736",12,0.081,8503,57.714
"HP:0001265",12,0.081,8515,57.795
"HP:0001442",12,0.081,8527,57.877
"HP:0001671",12,0.081,8539,57.958
"HP:0001903",12,0.081,8551,58.04
"HP:0001956",12,0.081,8563,58.121
"HP:0002033",12,0.081,8575,58.203
"HP:0002136",12,0.081,8587,58.284
"HP:0002721",12,0.081,8599,58.366
"HP:0005487",12,0.081,8611,58.447
"HP:0009890",12,0.081,8623,58.528
"HP:0010055",12,0.081,8635,58.61
"HP:0012448",12,0.081,8647,58.691
"HP:0045075",12,0.081,8659,58.773
"HP:0100543",12,0.081,8671,58.854
"HP:0100710",12,0.081,8683,58.936
"HP:0000077",11,0.075,8694,59.01
"HP:0000204",11,0.075,8705,59.085
"HP:0000275",11,0.075,8716,59.16
"HP:0000324",11,0.075,8727,59.234
"HP:0000331",11,0.075,8738,59.309
"HP:0000336",11,0.075,8749,59.384
"HP:0000340",11,0.075,8760,59.458
"HP:0000389",11,0.075,8771,59.533
"HP:0000444",11,0.075,8782,59.608
"HP:0000482",11,0.075,8793,59.682
"HP:0000577",11,0.075,8804,59.757
"HP:0000646",11,0.075,8815,59.832
"HP:0000737",11,0.075,8826,59.906
"HP:0000823",11,0.075,8837,59.981
"HP:0001770",11,0.075,8848,60.056
"HP:0002021",11,0.075,8859,60.13
"HP:0002664",11,0.075,8870,60.205
"HP:0002751",11,0.075,8881,60.28
"HP:0003745",11,0.075,8892,60.354
"HP:0008734",11,0.075,8903,60.429
"HP:0009778",11,0.075,8914,60.504
"HP:0011231",11,0.075,8925,60.578
"HP:0000297",10,0.068,8935,60.646
"HP:0000601",10,0.068,8945,60.714
"HP:0000618",10,0.068,8955,60.782
"HP:0000742",10,0.068,8965,60.85
"HP:0000822",10,0.068,8975,60.918
"HP:0000824",10,0.068,8985,60.986
"HP:0000958",10,0.068,8995,61.053
"HP:0000964",10,0.068,9005,61.121
"HP:0001332",10,0.068,9015,61.189
"HP:0001558",10,0.068,9025,61.257
"HP:0001744",10,0.068,9035,61.325
"HP:0002000",10,0.068,9045,61.393
"HP:0002066",10,0.068,9055,61.461
"HP:0002213",10,0.068,9065,61.529
"HP:0002558",10,0.068,9075,61.596
"HP:0002870",10,0.068,9085,61.664
"HP:0011937",10,0.068,9095,61.732
"HP:0011951",10,0.068,9105,61.8
"HP:0012368",10,0.068,9115,61.868
"HP:0012760",10,0.068,9125,61.936
"HP:0025336",10,0.068,9135,62.004
"HP:0000003",9,0.061,9144,62.065
"HP:0000044",9,0.061,9153,62.126
"HP:0000098",9,0.061,9162,62.187
"HP:0000122",9,0.061,9171,62.248
"HP:0000504",9,0.061,9180,62.309
"HP:0000677",9,0.061,9189,62.37
"HP:0000939",9,0.061,9198,62.431
"HP:0000965",9,0.061,9207,62.492
"HP:0001028",9,0.061,9216,62.553
"HP:0001159",9,0.061,9225,62.615
"HP:0001336",9,0.061,9234,62.676
"HP:0001423",9,0.061,9243,62.737
"HP:0001548",9,0.061,9252,62.798
"HP:0001800",9,0.061,9261,62.859
"HP:0001945",9,0.061,9270,62.92
"HP:0002027",9,0.061,9279,62.981
"HP:0002039",9,0.061,9288,63.042
"HP:0002093",9,0.061,9297,63.103
"HP:0002121",9,0.061,9306,63.164
"HP:0002263",9,0.061,9315,63.225
"HP:0002308",9,0.061,9324,63.286
"HP:0002540",9,0.061,9333,63.348
"HP:0002591",9,0.061,9342,63.409
"HP:0002716",9,0.061,9351,63.47
"HP:0002720",9,0.061,9360,63.531
"HP:0002878",9,0.061,9369,63.592
"HP:0002884",9,0.061,9378,63.653
"HP:0002895",9,0.061,9387,63.714
"HP:0002974",9,0.061,9396,63.775
"HP:0003189",9,0.061,9405,63.836
"HP:0003621",9,0.061,9414,63.897
"HP:0004325",9,0.061,9423,63.958
"HP:0005616",9,0.061,9432,64.02
"HP:0007099",9,0.061,9441,64.081
"HP:0007359",9,0.061,9450,64.142
"HP:0007874",9,0.061,9459,64.203
"HP:0008398",9,0.061,9468,64.264
"HP:0010049",9,0.061,9477,64.325
"HP:0010529",9,0.061,9486,64.386
"HP:0012110",9,0.061,9495,64.447
"HP:0012523",9,0.061,9504,64.508
"HP:0100807",9,0.061,9513,64.569
"HP:0410030",9,0.061,9522,64.63
"HP:0000079",8,0.054,9530,64.685
"HP:0000202",8,0.054,9538,64.739
"HP:0000243",8,0.054,9546,64.793
"HP:0000321",8,0.054,9554,64.848
"HP:0000327",8,0.054,9562,64.902
"HP:0000457",8,0.054,9570,64.956
"HP:0000465",8,0.054,9578,65.011
"HP:0000609",8,0.054,9586,65.065
"HP:0001273",8,0.054,9594,65.119
"HP:0001302",8,0.054,9602,65.173
"HP:0001545",8,0.054,9610,65.228
"HP:0001562",8,0.054,9618,65.282
"HP:0001596",8,0.054,9626,65.336
"HP:0001609",8,0.054,9634,65.391
"HP:0001650",8,0.054,9642,65.445
"HP:0001684",8,0.054,9650,65.499
"HP:0001760",8,0.054,9658,65.554
"HP:0001875",8,0.054,9666,65.608
"HP:0001883",8,0.054,9674,65.662
"HP:0002013",8,0.054,9682,65.716
"HP:0002014",8,0.054,9690,65.771
"HP:0002017",8,0.054,9698,65.825
"HP:0002098",8,0.054,9706,65.879
"HP:0002230",8,0.054,9714,65.934
"HP:0002317",8,0.054,9722,65.988
"HP:0002414",8,0.054,9730,66.042
"HP:0002857",8,0.054,9738,66.097
"HP:0003083",8,0.054,9746,66.151
"HP:0003186",8,0.054,9754,66.205
"HP:0003298",8,0.054,9762,66.259
"HP:0003307",8,0.054,9770,66.314
"HP:0003510",8,0.054,9778,66.368
"HP:0005338",8,0.054,9786,66.422
"HP:0006297",8,0.054,9794,66.477
"HP:0006956",8,0.054,9802,66.531
"HP:0009623",8,0.054,9810,66.585
"HP:0009882",8,0.054,9818,66.64
"HP:0010862",8,0.054,9826,66.694
"HP:0011462",8,0.054,9834,66.748
"HP:0000020",7,0.048,9841,66.796
"HP:0000034",7,0.048,9848,66.843
"HP:0000072",7,0.048,9855,66.891
"HP:0000104",7,0.048,9862,66.938
"HP:0000107",7,0.048,9869,66.986
"HP:0000130",7,0.048,9876,67.033
"HP:0000135",7,0.048,9883,67.081
"HP:0000176",7,0.048,9890,67.128
"HP:0000189",7,0.048,9897,67.176
"HP:0000212",7,0.048,9904,67.223
"HP:0000356",7,0.048,9911,67.271
"HP:0000437",7,0.048,9918,67.318
"HP:0000478",7,0.048,9925,67.366
"HP:0000519",7,0.048,9932,67.413
"HP:0000541",7,0.048,9939,67.461
"HP:0000666",7,0.048,9946,67.508
"HP:0000768",7,0.048,9953,67.556
"HP:0001176",7,0.048,9960,67.603
"HP:0001231",7,0.048,9967,67.651
"HP:0001374",7,0.048,9974,67.698
"HP:0001417",7,0.048,9981,67.746
"HP:0001522",7,0.048,9988,67.793
"HP:0001611",7,0.048,9995,67.841
"HP:0001634",7,0.048,10002,67.888
"HP:0001822",7,0.048,10009,67.936
"HP:0001974",7,0.048,10016,67.983
"HP:0002024",7,0.048,10023,68.031
"HP:0002028",7,0.048,10030,68.078
"HP:0002061",7,0.048,10037,68.126
"HP:0002072",7,0.048,10044,68.173
"HP:0002099",7,0.048,10051,68.221
"HP:0002126",7,0.048,10058,68.269
"HP:0002144",7,0.048,10065,68.316
"HP:0002187",7,0.048,10072,68.364
"HP:0002240",7,0.048,10079,68.411
"HP:0002282",7,0.048,10086,68.459
"HP:0002315",7,0.048,10093,68.506
"HP:0002354",7,0.048,10100,68.554
"HP:0002381",7,0.048,10107,68.601
"HP:0002557",7,0.048,10114,68.649
"HP:0002804",7,0.048,10121,68.696
"HP:0002937",7,0.048,10128,68.744
"HP:0002999",7,0.048,10135,68.791
"HP:0003312",7,0.048,10142,68.839
"HP:0003487",7,0.048,10149,68.886
"HP:0003819",7,0.048,10156,68.934
"HP:0004324",7,0.048,10163,68.981
"HP:0004383",7,0.048,10170,69.029
"HP:0004467",7,0.048,10177,69.076
"HP:0005484",7,0.048,10184,69.124
"HP:0006101",7,0.048,10191,69.171
"HP:0006482",7,0.048,10198,69.219
"HP:0007598",7,0.048,10205,69.266
"HP:0009803",7,0.048,10212,69.314
"HP:0009830",7,0.048,10219,69.361
"HP:0009909",7,0.048,10226,69.409
"HP:0010300",7,0.048,10233,69.456
"HP:0010628",7,0.048,10240,69.504
"HP:0010803",7,0.048,10247,69.551
"HP:0010808",7,0.048,10254,69.599
"HP:0011098",7,0.048,10261,69.646
"HP:0011342",7,0.048,10268,69.694
"HP:0012469",7,0.048,10275,69.741
"HP:0032792",7,0.048,10282,69.789
"HP:0100704",7,0.048,10289,69.836
"HP:0000074",6,0.041,10295,69.877
"HP:0000093",6,0.041,10301,69.918
"HP:0000125",6,0.041,10307,69.959
"HP:0000253",6,0.041,10313,69.999
"HP:0000270",6,0.041,10319,70.04
"HP:0000283",6,0.041,10325,70.081
"HP:0000308",6,0.041,10331,70.121
"HP:0000388",6,0.041,10337,70.162
"HP:0000413",6,0.041,10343,70.203
"HP:0000488",6,0.041,10349,70.244
"HP:0000572",6,0.041,10355,70.284
"HP:0000588",6,0.041,10361,70.325
"HP:0000592",6,0.041,10367,70.366
"HP:0000695",6,0.041,10373,70.407
"HP:0000744",6,0.041,10379,70.447
"HP:0000829",6,0.041,10385,70.488
"HP:0000938",6,0.041,10391,70.529
"HP:0000974",6,0.041,10397,70.569
"HP:0000979",6,0.041,10403,70.61
"HP:0001169",6,0.041,10409,70.651
"HP:0001181",6,0.041,10415,70.692
"HP:0001264",6,0.041,10421,70.732
"HP:0001266",6,0.041,10427,70.773
"HP:0001268",6,0.041,10433,70.814
"HP:0001308",6,0.041,10439,70.855
"HP:0001582",6,0.041,10445,70.895
"HP:0001612",6,0.041,10451,70.936
"HP:0001653",6,0.041,10457,70.977
"HP:0001769",6,0.041,10463,71.017
"HP:0001831",6,0.041,10469,71.058
"HP:0001833",6,0.041,10475,71.099
"HP:0001876",6,0.041,10481,71.14
"HP:0001909",6,0.041,10487,71.18
"HP:0002025",6,0.041,10493,71.221
"HP:0002090",6,0.041,10499,71.262
"HP:0002133",6,0.041,10505,71.303
"HP:0002171",6,0.041,10511,71.343
"HP:0002236",6,0.041,10517,71.384
"HP:0002251",6,0.041,10523,71.425
"HP:0002365",6,0.041,10529,71.465
"HP:0002384",6,0.041,10535,71.506
"HP:0002395",6,0.041,10541,71.547
"HP:0002421",6,0.041,10547,71.588
"HP:0002463",6,0.041,10553,71.628
"HP:0002474",6,0.041,10559,71.669
"HP:0002509",6,0.041,10565,71.71
"HP:0002521",6,0.041,10571,71.75
"HP:0002580",6,0.041,10577,71.791
"HP:0002673",6,0.041,10583,71.832
"HP:0002858",6,0.041,10589,71.873
"HP:0002863",6,0.041,10595,71.913
"HP:0002866",6,0.041,10601,71.954
"HP:0002983",6,0.041,10607,71.995
"HP:0003042",6,0.041,10613,72.036
"HP:0003477",6,0.041,10619,72.076
"HP:0003484",6,0.041,10625,72.117
"HP:0003676",6,0.041,10631,72.158
"HP:0003764",6,0.041,10637,72.198
"HP:0004326",6,0.041,10643,72.239
"HP:0006695",6,0.041,10649,72.28
"HP:0006824",6,0.041,10655,72.321
"HP:0006863",6,0.041,10661,72.361
"HP:0007302",6,0.041,10667,72.402
"HP:0008081",6,0.041,10673,72.443
"HP:0008850",6,0.041,10679,72.484
"HP:0009836",6,0.041,10685,72.524
"HP:0010535",6,0.041,10691,72.565
"HP:0010819",6,0.041,10697,72.606
"HP:0010880",6,0.041,10703,72.646
"HP:0011229",6,0.041,10709,72.687
"HP:0011451",6,0.041,10715,72.728
"HP:0012444",6,0.041,10721,72.769
"HP:0020206",6,0.041,10727,72.809
"HP:0030051",6,0.041,10733,72.85
"HP:0040071",6,0.041,10739,72.891
"HP:0100022",6,0.041,10745,72.932
"HP:0100023",6,0.041,10751,72.972
"HP:0100033",6,0.041,10757,73.013
"HP:0000059",5,0.034,10762,73.047
"HP:0000086",5,0.034,10767,73.081
"HP:0000215",5,0.034,10772,73.115
"HP:0000385",5,0.034,10777,73.149
"HP:0000391",5,0.034,10782,73.183
"HP:0000446",5,0.034,10787,73.217
"HP:0000485",5,0.034,10792,73.251
"HP:0000529",5,0.034,10797,73.284
"HP:0000539",5,0.034,10802,73.318
"HP:0000579",5,0.034,10807,73.352
"HP:0000667",5,0.034,10812,73.386
"HP:0000692",5,0.034,10817,73.42
"HP:0000765",5,0.034,10822,73.454
"HP:0000771",5,0.034,10827,73.488
"HP:0000774",5,0.034,10832,73.522
"HP:0000786",5,0.034,10837,73.556
"HP:0000790",5,0.034,10842,73.59
"HP:0000817",5,0.034,10847,73.624
"HP:0000878",5,0.034,10852,73.658
"HP:0000902",5,0.034,10857,73.692
"HP:0000924",5,0.034,10862,73.726
"HP:0000956",5,0.034,10867,73.76
"HP:0000978",5,0.034,10872,73.794
"HP:0000995",5,0.034,10877,73.827
"HP:0001065",5,0.034,10882,73.861
"HP:0001081",5,0.034,10887,73.895
"HP:0001300",5,0.034,10892,73.929
"HP:0001315",5,0.034,10897,73.963
"HP:0001338",5,0.034,10902,73.997
"HP:0001350",5,0.034,10907,74.031
"HP:0001373",5,0.034,10912,74.065
"HP:0001488",5,0.034,10917,74.099
"HP:0001531",5,0.034,10922,74.133
"HP:0001595",5,0.034,10927,74.167
"HP:0001618",5,0.034,10932,74.201
"HP:0001622",5,0.034,10937,74.235
"HP:0001646",5,0.034,10942,74.269
"HP:0001741",5,0.034,10947,74.303
"HP:0001838",5,0.034,10952,74.337
"HP:0001882",5,0.034,10957,74.37
"HP:0001892",5,0.034,10962,74.404
"HP:0002035",5,0.034,10967,74.438
"HP:0002057",5,0.034,10972,74.472
"HP:0002094",5,0.034,10977,74.506
"HP:0002104",5,0.034,10982,74.54
"HP:0002141",5,0.034,10987,74.574
"HP:0002239",5,0.034,10992,74.608
"HP:0002311",5,0.034,10997,74.642
"HP:0002370",5,0.034,11002,74.676
"HP:0002380",5,0.034,11007,74.71
"HP:0002665",5,0.034,11012,74.744
"HP:0002715",5,0.034,11017,74.778
"HP:0002779",5,0.034,11022,74.812
"HP:0002861",5,0.034,11027,74.846
"HP:0002938",5,0.034,11032,74.88
"HP:0002967",5,0.034,11037,74.913
"HP:0003006",5,0.034,11042,74.947
"HP:0003396",5,0.034,11047,74.981
"HP:0003581",5,0.034,11052,75.015
"HP:0003596",5,0.034,11057,75.049
"HP:0003829",5,0.034,11062,75.083
"HP:0004302",5,0.034,11067,75.117
"HP:0004305",5,0.034,11072,75.151
"HP:0005301",5,0.034,11077,75.185
"HP:0005469",5,0.034,11082,75.219
"HP:0006237",5,0.034,11087,75.253
"HP:0006335",5,0.034,11092,75.287
"HP:0006532",5,0.034,11097,75.321
"HP:0006895",5,0.034,11102,75.355
"HP:0006970",5,0.034,11107,75.389
"HP:0006989",5,0.034,11112,75.423
"HP:0007256",5,0.034,11117,75.456
"HP:0007340",5,0.034,11122,75.49
"HP:0007370",5,0.034,11127,75.524
"HP:0007495",5,0.034,11132,75.558
"HP:0007665",5,0.034,11137,75.592
"HP:0008499",5,0.034,11142,75.626
"HP:0008678",5,0.034,11147,75.66
"HP:0008689",5,0.034,11152,75.694
"HP:0009473",5,0.034,11157,75.728
"HP:0010034",5,0.034,11162,75.762
"HP:0010109",5,0.034,11167,75.796
"HP:0010511",5,0.034,11172,75.83
"HP:0010751",5,0.034,11177,75.864
"HP:0011003",5,0.034,11182,75.898
"HP:0011097",5,0.034,11187,75.932
"HP:0011228",5,0.034,11192,75.966
"HP:0011470",5,0.034,11197,75.999
"HP:0011682",5,0.034,11202,76.033
"HP:0012165",5,0.034,11207,76.067
"HP:0012171",5,0.034,11212,76.101
"HP:0012732",5,0.034,11217,76.135
"HP:0020045",5,0.034,11222,76.169
"HP:0025269",5,0.034,11227,76.203
"HP:0025502",5,0.034,11232,76.237
"HP:0030878",5,0.034,11237,76.271
"HP:0100559",5,0.034,11242,76.305
"HP:0200021",5,0.034,11247,76.339
"HP:0200136",5,0.034,11252,76.373
"HP:0000035",4,0.027,11256,76.4
"HP:0000049",4,0.027,11260,76.427
"HP:0000053",4,0.027,11264,76.454
"HP:0000075",4,0.027,11268,76.481
"HP:0000078",4,0.027,11272,76.509
"HP:0000141",4,0.027,11276,76.536
"HP:0000201",4,0.027,11280,76.563
"HP:0000260",4,0.027,11284,76.59
"HP:0000387",4,0.027,11288,76.617
"HP:0000480",4,0.027,11292,76.644
"HP:0000492",4,0.027,11296,76.671
"HP:0000498",4,0.027,11300,76.699
"HP:0000537",4,0.027,11304,76.726
"HP:0000567",4,0.027,11308,76.753
"HP:0000627",4,0.027,11312,76.78
"HP:0000679",4,0.027,11316,76.807
"HP:0000682",4,0.027,11320,76.834
"HP:0000711",4,0.027,11324,76.861
"HP:0000748",4,0.027,11328,76.889
"HP:0000787",4,0.027,11332,76.916
"HP:0000802",4,0.027,11336,76.943
"HP:0000869",4,0.027,11340,76.97
"HP:0000944",4,0.027,11344,76.997
"HP:0001009",4,0.027,11348,77.024
"HP:0001034",4,0.027,11352,77.052
"HP:0001061",4,0.027,11356,77.079
"HP:0001161",4,0.027,11360,77.106
"HP:0001177",4,0.027,11364,77.133
"HP:0001238",4,0.027,11368,77.16
"HP:0001262",4,0.027,11372,77.187
"HP:0001269",4,0.027,11376,77.214
"HP:0001279",4,0.027,11380,77.242
"HP:0001297",4,0.027,11384,77.269
"HP:0001298",4,0.027,11388,77.296
"HP:0001310",4,0.027,11392,77.323
"HP:0001331",4,0.027,11396,77.35
"HP:0001339",4,0.027,11400,77.377
"HP:0001342",4,0.027,11404,77.404
"HP:0001348",4,0.027,11408,77.432
"HP:0001369",4,0.027,11412,77.459
"HP:0001377",4,0.027,11416,77.486
"HP:0001480",4,0.027,11420,77.513
"HP:0001557",4,0.027,11424,77.54
"HP:0001566",4,0.027,11428,77.567
"HP:0001635",4,0.027,11432,77.595
"HP:0001640",4,0.027,11436,77.622
"HP:0001719",4,0.027,11440,77.649
"HP:0001747",4,0.027,11444,77.676
"HP:0001816",4,0.027,11448,77.703
"HP:0001840",4,0.027,11452,77.73
"HP:0001878",4,0.027,11456,77.757
"HP:0001888",4,0.027,11460,77.785
"HP:0002011",4,0.027,11464,77.812
"HP:0002076",4,0.027,11468,77.839
"HP:0002092",4,0.027,11472,77.866
"HP:0002110",4,0.027,11476,77.893
"HP:0002172",4,0.027,11480,77.92
"HP:0002180",4,0.027,11484,77.947
"HP:0002191",4,0.027,11488,77.975
"HP:0002280",4,0.027,11492,78.002
"HP:0002300",4,0.027,11496,78.029
"HP:0002321",4,0.027,11500,78.056
"HP:0002350",4,0.027,11504,78.083
"HP:0002389",4,0.027,11508,78.11
"HP:0002398",4,0.027,11512,78.138
"HP:0002516",4,0.027,11516,78.165
"HP:0002652",4,0.027,11520,78.192
"HP:0002653",4,0.027,11524,78.219
"HP:0002761",4,0.027,11528,78.246
"HP:0002885",4,0.027,11532,78.273
"HP:0002894",4,0.027,11536,78.3
"HP:0002910",4,0.027,11540,78.328
"HP:0002920",4,0.027,11544,78.355
"HP:0002948",4,0.027,11548,78.382
"HP:0002987",4,0.027,11552,78.409
"HP:0003002",4,0.027,11556,78.436
"HP:0003220",4,0.027,11560,78.463
"HP:0003236",4,0.027,11564,78.49
"HP:0003324",4,0.027,11568,78.518
"HP:0003418",4,0.027,11572,78.545
"HP:0003468",4,0.027,11576,78.572
"HP:0003584",4,0.027,11580,78.599
"HP:0003693",4,0.027,11584,78.626
"HP:0003763",4,0.027,11588,78.653
"HP:0004482",4,0.027,11592,78.681
"HP:0004886",4,0.027,11596,78.708
"HP:0004942",4,0.027,11600,78.735
"HP:0005180",4,0.027,11604,78.762
"HP:0005374",4,0.027,11608,78.789
"HP:0005403",4,0.027,11612,78.816
"HP:0005584",4,0.027,11616,78.843
"HP:0005819",4,0.027,11620,78.871
"HP:0006191",4,0.027,11624,78.898
"HP:0006349",4,0.027,11628,78.925
"HP:0006579",4,0.027,11632,78.952
"HP:0006721",4,0.027,11636,78.979
"HP:0007021",4,0.027,11640,79.006
"HP:0007334",4,0.027,11644,79.033
"HP:0007678",4,0.027,11648,79.061
"HP:0008404",4,0.027,11652,79.088
"HP:0008665",4,0.027,11656,79.115
"HP:0009027",4,0.027,11660,79.142
"HP:0009466",4,0.027,11664,79.169
"HP:0009748",4,0.027,11668,79.196
"HP:0010066",4,0.027,11672,79.224
"HP:0010296",4,0.027,11676,79.251
"HP:0010314",4,0.027,11680,79.278
"HP:0010442",4,0.027,11684,79.305
"HP:0010534",4,0.027,11688,79.332
"HP:0010761",4,0.027,11692,79.359
"HP:0010997",4,0.027,11696,79.386
"HP:0011133",4,0.027,11700,79.414
"HP:0011147",4,0.027,11704,79.441
"HP:0011359",4,0.027,11708,79.468
"HP:0011471",4,0.027,11712,79.495
"HP:0011856",4,0.027,11716,79.522
"HP:0012166",4,0.027,11720,79.549
"HP:0012443",4,0.027,11724,79.576
"HP:0012520",4,0.027,11728,79.604
"HP:0012531",4,0.027,11732,79.631
"HP:0012584",4,0.027,11736,79.658
"HP:0025160",4,0.027,11740,79.685
"HP:0025161",4,0.027,11744,79.712
"HP:0025268",4,0.027,11748,79.739
"HP:0030341",4,0.027,11752,79.767
"HP:0030344",4,0.027,11756,79.794
"HP:0030434",4,0.027,11760,79.821
"HP:0030890",4,0.027,11764,79.848
"HP:0031020",4,0.027,11768,79.875
"HP:0031035",4,0.027,11772,79.902
"HP:0031245",4,0.027,11776,79.929
"HP:0031284",4,0.027,11780,79.957
"HP:0031364",4,0.027,11784,79.984
"HP:0032989",4,0.027,11788,80.011
"HP:0034198",4,0.027,11792,80.038
"HP:0034295",4,0.027,11796,80.065
"HP:0040019",4,0.027,11800,80.092
"HP:0040080",4,0.027,11804,80.119
"HP:0040082",4,0.027,11808,80.147
"HP:0040171",4,0.027,11812,80.174
"HP:0045026",4,0.027,11816,80.201
"HP:0100021",4,0.027,11820,80.228
"HP:0100025",4,0.027,11824,80.255
"HP:0100542",4,0.027,11828,80.282
"HP:0100648",4,0.027,11832,80.31
"HP:0100753",4,0.027,11836,80.337
"HP:0200134",4,0.027,11840,80.364
"HP:0000026",3,0.02,11843,80.384
"HP:0000046",3,0.02,11846,80.405
"HP:0000062",3,0.02,11849,80.425
"HP:0000066",3,0.02,11852,80.445
"HP:0000073",3,0.02,11855,80.466
"HP:0000081",3,0.02,11858,80.486
"HP:0000113",3,0.02,11861,80.506
"HP:0000147",3,0.02,11864,80.527
"HP:0000151",3,0.02,11867,80.547
"HP:0000174",3,0.02,11870,80.567
"HP:0000185",3,0.02,11873,80.588
"HP:0000188",3,0.02,11876,80.608
"HP:0000225",3,0.02,11879,80.629
"HP:0000239",3,0.02,11882,80.649
"HP:0000246",3,0.02,11885,80.669
"HP:0000262",3,0.02,11888,80.69
"HP:0000273",3,0.02,11891,80.71
"HP:0000288",3,0.02,11894,80.73
"HP:0000360",3,0.02,11897,80.751
"HP:0000364",3,0.02,11900,80.771
"HP:0000410",3,0.02,11903,80.791
"HP:0000421",3,0.02,11906,80.812
"HP:0000452",3,0.02,11909,80.832
"HP:0000456",3,0.02,11912,80.853
"HP:0000460",3,0.02,11915,80.873
"HP:0000473",3,0.02,11918,80.893
"HP:0000475",3,0.02,11921,80.914
"HP:0000496",3,0.02,11924,80.934
"HP:0000509",3,0.02,11927,80.954
"HP:0000524",3,0.02,11930,80.975
"HP:0000528",3,0.02,11933,80.995
"HP:0000546",3,0.02,11936,81.015
"HP:0000600",3,0.02,11939,81.036
"HP:0000602",3,0.02,11942,81.056
"HP:0000657",3,0.02,11945,81.076
"HP:0000698",3,0.02,11948,81.097
"HP:0000699",3,0.02,11951,81.117
"HP:0000713",3,0.02,11954,81.138
"HP:0000726",3,0.02,11957,81.158
"HP:0000738",3,0.02,11960,81.178
"HP:0000741",3,0.02,11963,81.199
"HP:0000778",3,0.02,11966,81.219
"HP:0000805",3,0.02,11969,81.239
"HP:0000819",3,0.02,11972,81.26
"HP:0000825",3,0.02,11975,81.28
"HP:0000870",3,0.02,11978,81.3
"HP:0000879",3,0.02,11981,81.321
"HP:0000894",3,0.02,11984,81.341
"HP:0000963",3,0.02,11987,81.362
"HP:0000967",3,0.02,11990,81.382
"HP:0000969",3,0.02,11993,81.402
"HP:0000973",3,0.02,11996,81.423
"HP:0000975",3,0.02,11999,81.443
"HP:0000980",3,0.02,12002,81.463
"HP:0000989",3,0.02,12005,81.484
"HP:0000992",3,0.02,12008,81.504
"HP:0001000",3,0.02,12011,81.524
"HP:0001052",3,0.02,12014,81.545
"HP:0001053",3,0.02,12017,81.565
"HP:0001067",3,0.02,12020,81.586
"HP:0001085",3,0.02,12023,81.606
"HP:0001136",3,0.02,12026,81.626
"HP:0001155",3,0.02,12029,81.647
"HP:0001188",3,0.02,12032,81.667
"HP:0001195",3,0.02,12035,81.687
"HP:0001284",3,0.02,12038,81.708
"HP:0001317",3,0.02,12041,81.728
"HP:0001362",3,0.02,12044,81.748
"HP:0001376",3,0.02,12047,81.769
"HP:0001397",3,0.02,12050,81.789
"HP:0001519",3,0.02,12053,81.81
"HP:0001539",3,0.02,12056,81.83
"HP:0001572",3,0.02,12059,81.85
"HP:0001608",3,0.02,12062,81.871
"HP:0001620",3,0.02,12065,81.891
"HP:0001623",3,0.02,12068,81.911
"HP:0001626",3,0.02,12071,81.932
"HP:0001633",3,0.02,12074,81.952
"HP:0001638",3,0.02,12077,81.972
"HP:0001639",3,0.02,12080,81.993
"HP:0001654",3,0.02,12083,82.013
"HP:0001659",3,0.02,12086,82.034
"HP:0001660",3,0.02,12089,82.054
"HP:0001718",3,0.02,12092,82.074
"HP:0001738",3,0.02,12095,82.095
"HP:0001765",3,0.02,12098,82.115
"HP:0001776",3,0.02,12101,82.135
"HP:0001808",3,0.02,12104,82.156
"HP:0001812",3,0.02,12107,82.176
"HP:0001814",3,0.02,12110,82.196
"HP:0001829",3,0.02,12113,82.217
"HP:0001863",3,0.02,12116,82.237
"HP:0001942",3,0.02,12119,82.258
"HP:0001943",3,0.02,12122,82.278
"HP:0001952",3,0.02,12125,82.298
"HP:0001954",3,0.02,12128,82.319
"HP:0001962",3,0.02,12131,82.339
"HP:0001998",3,0.02,12134,82.359
"HP:0002032",3,0.02,12137,82.38
"HP:0002063",3,0.02,12140,82.4
"HP:0002071",3,0.02,12143,82.42
"HP:0002075",3,0.02,12146,82.441
"HP:0002086",3,0.02,12149,82.461
"HP:0002089",3,0.02,12152,82.482
"HP:0002100",3,0.02,12155,82.502
"HP:0002101",3,0.02,12158,82.522
"HP:0002123",3,0.02,12161,82.543
"HP:0002135",3,0.02,12164,82.563
"HP:0002139",3,0.02,12167,82.583
"HP:0002151",3,0.02,12170,82.604
"HP:0002164",3,0.02,12173,82.624
"HP:0002183",3,0.02,12176,82.644
"HP:0002186",3,0.02,12179,82.665
"HP:0002219",3,0.02,12182,82.685
"HP:0002254",3,0.02,12185,82.705
"HP:0002283",3,0.02,12188,82.726
"HP:0002312",3,0.02,12191,82.746
"HP:0002313",3,0.02,12194,82.767
"HP:0002362",3,0.02,12197,82.787
"HP:0002378",3,0.02,12200,82.807
"HP:0002505",3,0.02,12203,82.828
"HP:0002510",3,0.02,12206,82.848
"HP:0002512",3,0.02,12209,82.868
"HP:0002539",3,0.02,12212,82.889
"HP:0002572",3,0.02,12215,82.909
"HP:0002575",3,0.02,12218,82.929
"HP:0002608",3,0.02,12221,82.95
"HP:0002616",3,0.02,12224,82.97
"HP:0002623",3,0.02,12227,82.991
"HP:0002643",3,0.02,12230,83.011
"HP:0002645",3,0.02,12233,83.031
"HP:0002659",3,0.02,12236,83.052
"HP:0002667",3,0.02,12239,83.072
"HP:0002697",3,0.02,12242,83.092
"HP:0002835",3,0.02,12245,83.113
"HP:0002837",3,0.02,12248,83.133
"HP:0002875",3,0.02,12251,83.153
"HP:0002901",3,0.02,12254,83.174
"HP:0002943",3,0.02,12257,83.194
"HP:0002949",3,0.02,12260,83.215
"HP:0002960",3,0.02,12263,83.235
"HP:0003072",3,0.02,12266,83.255
"HP:0003199",3,0.02,12269,83.276
"HP:0003241",3,0.02,12272,83.296
"HP:0003273",3,0.02,12275,83.316
"HP:0003326",3,0.02,12278,83.337
"HP:0003376",3,0.02,12281,83.357
"HP:0003401",3,0.02,12284,83.377
"HP:0003502",3,0.02,12287,83.398
"HP:0004220",3,0.02,12290,83.418
"HP:0004313",3,0.02,12293,83.439
"HP:0004315",3,0.02,12296,83.459
"HP:0004374",3,0.02,12299,83.479
"HP:0004408",3,0.02,12302,83.5
"HP:0004411",3,0.02,12305,83.52
"HP:0004602",3,0.02,12308,83.54
"HP:0004689",3,0.02,12311,83.561
"HP:0004794",3,0.02,12314,83.581
"HP:0004808",3,0.02,12317,83.601
"HP:0004935",3,0.02,12320,83.622
"HP:0004969",3,0.02,12323,83.642
"HP:0005113",3,0.02,12326,83.663
"HP:0005216",3,0.02,12329,83.683
"HP:0005274",3,0.02,12332,83.703
"HP:0005306",3,0.02,12335,83.724
"HP:0005521",3,0.02,12338,83.744
"HP:0005562",3,0.02,12341,83.764
"HP:0005709",3,0.02,12344,83.785
"HP:0005743",3,0.02,12347,83.805
"HP:0005978",3,0.02,12350,83.825
"HP:0006288",3,0.02,12353,83.846
"HP:0006380",3,0.02,12356,83.866
"HP:0006520",3,0.02,12359,83.887
"HP:0006855",3,0.02,12362,83.907
"HP:0006887",3,0.02,12365,83.927
"HP:0007108",3,0.02,12368,83.948
"HP:0007325",3,0.02,12371,83.968
"HP:0007328",3,0.02,12374,83.988
"HP:0007333",3,0.02,12377,84.009
"HP:0007477",3,0.02,12380,84.029
"HP:0007565",3,0.02,12383,84.049
"HP:0007655",3,0.02,12386,84.07
"HP:0007703",3,0.02,12389,84.09
"HP:0007715",3,0.02,12392,84.111
"HP:0007924",3,0.02,12395,84.131
"HP:0008064",3,0.02,12398,84.151
"HP:0008069",3,0.02,12401,84.172
"HP:0008163",3,0.02,12404,84.192
"HP:0008202",3,0.02,12407,84.212
"HP:0008214",3,0.02,12410,84.233
"HP:0008237",3,0.02,12413,84.253
"HP:0008240",3,0.02,12416,84.273
"HP:0008245",3,0.02,12419,84.294
"HP:0008348",3,0.02,12422,84.314
"HP:0008770",3,0.02,12425,84.334
"HP:0008935",3,0.02,12428,84.355
"HP:0008944",3,0.02,12431,84.375
"HP:0009193",3,0.02,12434,84.396
"HP:0009276",3,0.02,12437,84.416
"HP:0009797",3,0.02,12440,84.436
"HP:0009891",3,0.02,12443,84.457
"HP:0010051",3,0.02,12446,84.477
"HP:0010059",3,0.02,12449,84.497
"HP:0010280",3,0.02,12452,84.518
"HP:0010562",3,0.02,12455,84.538
"HP:0010620",3,0.02,12458,84.558
"HP:0010677",3,0.02,12461,84.579
"HP:0010722",3,0.02,12464,84.599
"HP:0010743",3,0.02,12467,84.62
"HP:0010780",3,0.02,12470,84.64
"HP:0010806",3,0.02,12473,84.66
"HP:0010807",3,0.02,12476,84.681
"HP:0010828",3,0.02,12479,84.701
"HP:0010841",3,0.02,12482,84.721
"HP:0011069",3,0.02,12485,84.742
"HP:0011182",3,0.02,12488,84.762
"HP:0011225",3,0.02,12491,84.782
"HP:0011335",3,0.02,12494,84.803
"HP:0011381",3,0.02,12497,84.823
"HP:0011442",3,0.02,12500,84.844
"HP:0011611",3,0.02,12503,84.864
"HP:0011623",3,0.02,12506,84.884
"HP:0011675",3,0.02,12509,84.905
"HP:0011730",3,0.02,12512,84.925
"HP:0011750",3,0.02,12515,84.945
"HP:0011752",3,0.02,12518,84.966
"HP:0011822",3,0.02,12521,84.986
"HP:0011900",3,0.02,12524,85.006
"HP:0011947",3,0.02,12527,85.027
"HP:0012157",3,0.02,12530,85.047
"HP:0012246",3,0.02,12533,85.068
"HP:0012285",3,0.02,12536,85.088
"HP:0012304",3,0.02,12539,85.108
"HP:0012389",3,0.02,12542,85.129
"HP:0012447",3,0.02,12545,85.149
"HP:0012473",3,0.02,12548,85.169
"HP:0012505",3,0.02,12551,85.19
"HP:0012639",3,0.02,12554,85.21
"HP:0012658",3,0.02,12557,85.23
"HP:0012683",3,0.02,12560,85.251
"HP:0012691",3,0.02,12563,85.271
"HP:0012743",3,0.02,12566,85.292
"HP:0012762",3,0.02,12569,85.312
"HP:0012811",3,0.02,12572,85.332
"HP:0025116",3,0.02,12575,85.353
"HP:0025352",3,0.02,12578,85.373
"HP:0025420",3,0.02,12581,85.393
"HP:0030140",3,0.02,12584,85.414
"HP:0030521",3,0.02,12587,85.434
"HP:0030532",3,0.02,12590,85.454
"HP:0030591",3,0.02,12593,85.475
"HP:0030674",3,0.02,12596,85.495
"HP:0030766",3,0.02,12599,85.516
"HP:0030955",3,0.02,12602,85.536
"HP:0032794",3,0.02,12605,85.556
"HP:0032988",3,0.02,12608,85.577
"HP:0033454",3,0.02,12611,85.597
"HP:0034197",3,0.02,12614,85.617
"HP:0034323",3,0.02,12617,85.638
"HP:0040288",3,0.02,12620,85.658
"HP:0045074",3,0.02,12623,85.678
"HP:0100009",3,0.02,12626,85.699
"HP:0100010",3,0.02,12629,85.719
"HP:0100024",3,0.02,12632,85.739
"HP:0100259",3,0.02,12635,85.76
"HP:0100608",3,0.02,12638,85.78
"HP:0100615",3,0.02,12641,85.801
"HP:0100634",3,0.02,12644,85.821
"HP:0100660",3,0.02,12647,85.841
"HP:0100661",3,0.02,12650,85.862
"HP:0100702",3,0.02,12653,85.882
"HP:0100758",3,0.02,12656,85.902
"HP:0100760",3,0.02,12659,85.923
"HP:0100785",3,0.02,12662,85.943
"HP:0100818",3,0.02,12665,85.963
"HP:0100852",3,0.02,12668,85.984
"HP:0100962",3,0.02,12671,86.004
"HP:0400000",3,0.02,12674,86.025
"HP:0500011",3,0.02,12677,86.045
"HP:0000011",2,0.014,12679,86.059
"HP:0000016",2,0.014,12681,86.072
"HP:0000027",2,0.014,12683,86.086
"HP:0000041",2,0.014,12685,86.099
"HP:0000050",2,0.014,12687,86.113
"HP:0000055",2,0.014,12689,86.126
"HP:0000064",2,0.014,12691,86.14
"HP:0000096",2,0.014,12693,86.154
"HP:0000100",2,0.014,12695,86.167
"HP:0000110",2,0.014,12697,86.181
"HP:0000121",2,0.014,12699,86.194
"HP:0000134",2,0.014,12701,86.208
"HP:0000144",2,0.014,12703,86.221
"HP:0000153",2,0.014,12705,86.235
"HP:0000159",2,0.014,12707,86.249
"HP:0000161",2,0.014,12709,86.262
"HP:0000217",2,0.014,12711,86.276
"HP:0000220",2,0.014,12713,86.289
"HP:0000271",2,0.014,12715,86.303
"HP:0000300",2,0.014,12717,86.316
"HP:0000350",2,0.014,12719,86.33
"HP:0000362",2,0.014,12721,86.344
"HP:0000363",2,0.014,12723,86.357
"HP:0000395",2,0.014,12725,86.371
"HP:0000402",2,0.014,12727,86.384
"HP:0000447",2,0.014,12729,86.398
"HP:0000464",2,0.014,12731,86.411
"HP:0000491",2,0.014,12733,86.425
"HP:0000510",2,0.014,12735,86.439
"HP:0000556",2,0.014,12737,86.452
"HP:0000558",2,0.014,12739,86.466
"HP:0000559",2,0.014,12741,86.479
"HP:0000613",2,0.014,12743,86.493
"HP:0000620",2,0.014,12745,86.506
"HP:0000625",2,0.014,12747,86.52
"HP:0000632",2,0.014,12749,86.534
"HP:0000635",2,0.014,12751,86.547
"HP:0000643",2,0.014,12753,86.561
"HP:0000647",2,0.014,12755,86.574
"HP:0000649",2,0.014,12757,86.588
"HP:0000659",2,0.014,12759,86.602
"HP:0000674",2,0.014,12761,86.615
"HP:0000680",2,0.014,12763,86.629
"HP:0000696",2,0.014,12765,86.642
"HP:0000707",2,0.014,12767,86.656
"HP:0000725",2,0.014,12769,86.669
"HP:0000749",2,0.014,12771,86.683
"HP:0000756",2,0.014,12773,86.697
"HP:0000762",2,0.014,12775,86.71
"HP:0000772",2,0.014,12777,86.724
"HP:0000836",2,0.014,12779,86.737
"HP:0000851",2,0.014,12781,86.751
"HP:0000858",2,0.014,12783,86.764
"HP:0000876",2,0.014,12785,86.778
"HP:0000891",2,0.014,12787,86.792
"HP:0000925",2,0.014,12789,86.805
"HP:0000929",2,0.014,12791,86.819
"HP:0000932",2,0.014,12793,86.832
"HP:0000951",2,0.014,12795,86.846
"HP:0000953",2,0.014,12797,86.859
"HP:0000962",2,0.014,12799,86.873
"HP:0000966",2,0.014,12801,86.887
"HP:0000977",2,0.014,12803,86.9
"HP:0001010",2,0.014,12805,86.914
"HP:0001018",2,0.014,12807,86.927
"HP:0001042",2,0.014,12809,86.941
"HP:0001045",2,0.014,12811,86.954
"HP:0001050",2,0.014,12813,86.968
"HP:0001051",2,0.014,12815,86.982
"HP:0001054",2,0.014,12817,86.995
"HP:0001063",2,0.014,12819,87.009
"HP:0001069",2,0.014,12821,87.022
"HP:0001080",2,0.014,12823,87.036
"HP:0001083",2,0.014,12825,87.049
"HP:0001098",2,0.014,12827,87.063
"HP:0001100",2,0.014,12829,87.077
"HP:0001105",2,0.014,12831,87.09
"HP:0001118",2,0.014,12833,87.104
"HP:0001123",2,0.014,12835,87.117
"HP:0001128",2,0.014,12837,87.131
"HP:0001167",2,0.014,12839,87.145
"HP:0001171",2,0.014,12841,87.158
"HP:0001172",2,0.014,12843,87.172
"HP:0001187",2,0.014,12845,87.185
"HP:0001239",2,0.014,12847,87.199
"HP:0001254",2,0.014,12849,87.212
"HP:0001258",2,0.014,12851,87.226
"HP:0001259",2,0.014,12853,87.24
"HP:0001281",2,0.014,12855,87.253
"HP:0001392",2,0.014,12857,87.267
"HP:0001399",2,0.014,12859,87.28
"HP:0001433",2,0.014,12861,87.294
"HP:0001476",2,0.014,12863,87.307
"HP:0001500",2,0.014,12865,87.321
"HP:0001520",2,0.014,12867,87.335
"HP:0001525",2,0.014,12869,87.348
"HP:0001528",2,0.014,12871,87.362
"HP:0001538",2,0.014,12873,87.375
"HP:0001641",2,0.014,12875,87.389
"HP:0001644",2,0.014,12877,87.402
"HP:0001649",2,0.014,12879,87.416
"HP:0001651",2,0.014,12881,87.43
"HP:0001658",2,0.014,12883,87.443
"HP:0001667",2,0.014,12885,87.457
"HP:0001679",2,0.014,12887,87.47
"HP:0001696",2,0.014,12889,87.484
"HP:0001734",2,0.014,12891,87.497
"HP:0001750",2,0.014,12893,87.511
"HP:0001780",2,0.014,12895,87.525
"HP:0001795",2,0.014,12897,87.538
"HP:0001837",2,0.014,12899,87.552
"HP:0001841",2,0.014,12901,87.565
"HP:0001847",2,0.014,12903,87.579
"HP:0001848",2,0.014,12905,87.592
"HP:0001869",2,0.014,12907,87.606
"HP:0001871",2,0.014,12909,87.62
"HP:0001872",2,0.014,12911,87.633
"HP:0001874",2,0.014,12913,87.647
"HP:0001880",2,0.014,12915,87.66
"HP:0001895",2,0.014,12917,87.674
"HP:0001897",2,0.014,12919,87.688
"HP:0001973",2,0.014,12921,87.701
"HP:0001987",2,0.014,12923,87.715
"HP:0002003",2,0.014,12925,87.728
"HP:0002018",2,0.014,12927,87.742
"HP:0002044",2,0.014,12929,87.755
"HP:0002064",2,0.014,12931,87.769
"HP:0002067",2,0.014,12933,87.783
"HP:0002070",2,0.014,12935,87.796
"HP:0002073",2,0.014,12937,87.81
"HP:0002078",2,0.014,12939,87.823
"HP:0002080",2,0.014,12941,87.837
"HP:0002091",2,0.014,12943,87.85
"HP:0002103",2,0.014,12945,87.864
"HP:0002145",2,0.014,12947,87.878
"HP:0002197",2,0.014,12949,87.891
"HP:0002216",2,0.014,12951,87.905
"HP:0002232",2,0.014,12953,87.918
"HP:0002247",2,0.014,12955,87.932
"HP:0002269",2,0.014,12957,87.945
"HP:0002292",2,0.014,12959,87.959
"HP:0002322",2,0.014,12961,87.973
"HP:0002332",2,0.014,12963,87.986
"HP:0002341",2,0.014,12965,88
"HP:0002359",2,0.014,12967,88.013
"HP:0002392",2,0.014,12969,88.027
"HP:0002410",2,0.014,12971,88.04
"HP:0002415",2,0.014,12973,88.054
"HP:0002425",2,0.014,12975,88.068
"HP:0002435",2,0.014,12977,88.081
"HP:0002451",2,0.014,12979,88.095
"HP:0002460",2,0.014,12981,88.108
"HP:0002488",2,0.014,12983,88.122
"HP:0002514",2,0.014,12985,88.135
"HP:0002515",2,0.014,12987,88.149
"HP:0002527",2,0.014,12989,88.163
"HP:0002546",2,0.014,12991,88.176
"HP:0002561",2,0.014,12993,88.19
"HP:0002562",2,0.014,12995,88.203
"HP:0002574",2,0.014,12997,88.217
"HP:0002579",2,0.014,12999,88.231
"HP:0002586",2,0.014,13001,88.244
"HP:0002588",2,0.014,13003,88.258
"HP:0002607",2,0.014,13005,88.271
"HP:0002615",2,0.014,13007,88.285
"HP:0002619",2,0.014,13009,88.298
"HP:0002668",2,0.014,13011,88.312
"HP:0002684",2,0.014,13013,88.326
"HP:0002691",2,0.014,13015,88.339
"HP:0002700",2,0.014,13017,88.353
"HP:0002757",2,0.014,13019,88.366
"HP:0002783",2,0.014,13021,88.38
"HP:0002793",2,0.014,13023,88.393
"HP:0002797",2,0.014,13025,88.407
"HP:0002803",2,0.014,13027,88.421
"HP:0002829",2,0.014,13029,88.434
"HP:0002869",2,0.014,13031,88.448
"HP:0002883",2,0.014,13033,88.461
"HP:0002893",2,0.014,13035,88.475
"HP:0002902",2,0.014,13037,88.488
"HP:0002916",2,0.014,13039,88.502
"HP:0002942",2,0.014,13041,88.516
"HP:0002984",2,0.014,13043,88.529
"HP:0002992",2,0.014,13045,88.543
"HP:0003015",2,0.014,13047,88.556
"HP:0003022",2,0.014,13049,88.57
"HP:0003028",2,0.014,13051,88.583
"HP:0003037",2,0.014,13053,88.597
"HP:0003065",2,0.014,13055,88.611
"HP:0003103",2,0.014,13057,88.624
"HP:0003118",2,0.014,13059,88.638
"HP:0003128",2,0.014,13061,88.651
"HP:0003138",2,0.014,13063,88.665
"HP:0003144",2,0.014,13065,88.678
"HP:0003187",2,0.014,13067,88.692
"HP:0003198",2,0.014,13069,88.706
"HP:0003270",2,0.014,13071,88.719
"HP:0003316",2,0.014,13073,88.733
"HP:0003319",2,0.014,13075,88.746
"HP:0003363",2,0.014,13077,88.76
"HP:0003380",2,0.014,13079,88.774
"HP:0003394",2,0.014,13081,88.787
"HP:0003429",2,0.014,13083,88.801
"HP:0003466",2,0.014,13085,88.814
"HP:0003470",2,0.014,13087,88.828
"HP:0003508",2,0.014,13089,88.841
"HP:0003557",2,0.014,13091,88.855
"HP:0003691",2,0.014,13093,88.869
"HP:0003701",2,0.014,13095,88.882
"HP:0003758",2,0.014,13097,88.896
"HP:0003774",2,0.014,13099,88.909
"HP:0004227",2,0.014,13101,88.923
"HP:0004283",2,0.014,13103,88.936
"HP:0004331",2,0.014,13105,88.95
"HP:0004349",2,0.014,13107,88.964
"HP:0004372",2,0.014,13109,88.977
"HP:0004396",2,0.014,13111,88.991
"HP:0004398",2,0.014,13113,89.004
"HP:0004422",2,0.014,13115,89.018
"HP:0004430",2,0.014,13117,89.031
"HP:0004442",2,0.014,13119,89.045
"HP:0004484",2,0.014,13121,89.059
"HP:0004554",2,0.014,13123,89.072
"HP:0004673",2,0.014,13125,89.086
"HP:0004719",2,0.014,13127,89.099
"HP:0004736",2,0.014,13129,89.113
"HP:0005048",2,0.014,13131,89.126
"HP:0005105",2,0.014,13133,89.14
"HP:0005218",2,0.014,13135,89.154
"HP:0005264",2,0.014,13137,89.167
"HP:0005322",2,0.014,13139,89.181
"HP:0005328",2,0.014,13141,89.194
"HP:0005344",2,0.014,13143,89.208
"HP:0005363",2,0.014,13145,89.221
"HP:0005435",2,0.014,13147,89.235
"HP:0005528",2,0.014,13149,89.249
"HP:0005815",2,0.014,13151,89.262
"HP:0005895",2,0.014,13153,89.276
"HP:0005930",2,0.014,13155,89.289
"HP:0005990",2,0.014,13157,89.303
"HP:0006006",2,0.014,13159,89.317
"HP:0006009",2,0.014,13161,89.33
"HP:0006070",2,0.014,13163,89.344
"HP:0006129",2,0.014,13165,89.357
"HP:0006200",2,0.014,13167,89.371
"HP:0006254",2,0.014,13169,89.384
"HP:0006334",2,0.014,13171,89.398
"HP:0006443",2,0.014,13173,89.412
"HP:0006501",2,0.014,13175,89.425
"HP:0006510",2,0.014,13177,89.439
"HP:0006530",2,0.014,13179,89.452
"HP:0006655",2,0.014,13181,89.466
"HP:0006703",2,0.014,13183,89.479
"HP:0006709",2,0.014,13185,89.493
"HP:0006712",2,0.014,13187,89.507
"HP:0006725",2,0.014,13189,89.52
"HP:0006753",2,0.014,13191,89.534
"HP:0006870",2,0.014,13193,89.547
"HP:0006889",2,0.014,13195,89.561
"HP:0006979",2,0.014,13197,89.574
"HP:0006988",2,0.014,13199,89.588
"HP:0007002",2,0.014,13201,89.602
"HP:0007010",2,0.014,13203,89.615
"HP:0007074",2,0.014,13205,89.629
"HP:0007086",2,0.014,13207,89.642
"HP:0007109",2,0.014,13209,89.656
"HP:0007126",2,0.014,13211,89.669
"HP:0007165",2,0.014,13213,89.683
"HP:0007269",2,0.014,13215,89.697
"HP:0007270",2,0.014,13217,89.71
"HP:0007346",2,0.014,13219,89.724
"HP:0007352",2,0.014,13221,89.737
"HP:0007354",2,0.014,13223,89.751
"HP:0007373",2,0.014,13225,89.764
"HP:0007380",2,0.014,13227,89.778
"HP:0007385",2,0.014,13229,89.792
"HP:0007392",2,0.014,13231,89.805
"HP:0007549",2,0.014,13233,89.819
"HP:0007651",2,0.014,13235,89.832
"HP:0007663",2,0.014,13237,89.846
"HP:0007902",2,0.014,13239,89.859
"HP:0007906",2,0.014,13241,89.873
"HP:0007925",2,0.014,13243,89.887
"HP:0007946",2,0.014,13245,89.9
"HP:0007957",2,0.014,13247,89.914
"HP:0008053",2,0.014,13249,89.927
"HP:0008066",2,0.014,13251,89.941
"HP:0008107",2,0.014,13253,89.955
"HP:0008200",2,0.014,13255,89.968
"HP:0008428",2,0.014,13257,89.982
"HP:0008467",2,0.014,13259,89.995
"HP:0008494",2,0.014,13261,90.009
"HP:0008527",2,0.014,13263,90.022
"HP:0008619",2,0.014,13265,90.036
"HP:0008661",2,0.014,13267,90.05
"HP:0008752",2,0.014,13269,90.063
"HP:0008830",2,0.014,13271,90.077
"HP:0008905",2,0.014,13273,90.09
"HP:0008955",2,0.014,13275,90.104
"HP:0009183",2,0.014,13277,90.117
"HP:0009381",2,0.014,13279,90.131
"HP:0009487",2,0.014,13281,90.145
"HP:0009715",2,0.014,13283,90.158
"HP:0009738",2,0.014,13285,90.172
"HP:0009796",2,0.014,13287,90.185
"HP:0009804",2,0.014,13289,90.199
"HP:0009834",2,0.014,13291,90.212
"HP:0009918",2,0.014,13293,90.226
"HP:0010230",2,0.014,13295,90.24
"HP:0010302",2,0.014,13297,90.253
"HP:0010464",2,0.014,13299,90.267
"HP:0010499",2,0.014,13301,90.28
"HP:0010515",2,0.014,13303,90.294
"HP:0010526",2,0.014,13305,90.307
"HP:0010557",2,0.014,13307,90.321
"HP:0010579",2,0.014,13309,90.335
"HP:0010621",2,0.014,13311,90.348
"HP:0010669",2,0.014,13313,90.362
"HP:0010674",2,0.014,13315,90.375
"HP:0010720",2,0.014,13317,90.389
"HP:0010733",2,0.014,13319,90.402
"HP:0010741",2,0.014,13321,90.416
"HP:0010775",2,0.014,13323,90.43
"HP:0010844",2,0.014,13325,90.443
"HP:0010845",2,0.014,13327,90.457
"HP:0010851",2,0.014,13329,90.47
"HP:0010885",2,0.014,13331,90.484
"HP:0010920",2,0.014,13333,90.498
"HP:0010935",2,0.014,13335,90.511
"HP:0010946",2,0.014,13337,90.525
"HP:0010953",2,0.014,13339,90.538
"HP:0010957",2,0.014,13341,90.552
"HP:0010976",2,0.014,13343,90.565
"HP:0010978",2,0.014,13345,90.579
"HP:0011024",2,0.014,13347,90.593
"HP:0011027",2,0.014,13349,90.606
"HP:0011065",2,0.014,13351,90.62
"HP:0011087",2,0.014,13353,90.633
"HP:0011094",2,0.014,13355,90.647
"HP:0011108",2,0.014,13357,90.66
"HP:0011120",2,0.014,13359,90.674
"HP:0011171",2,0.014,13361,90.688
"HP:0011324",2,0.014,13363,90.701
"HP:0011330",2,0.014,13365,90.715
"HP:0011339",2,0.014,13367,90.728
"HP:0011343",2,0.014,13369,90.742
"HP:0011351",2,0.014,13371,90.755
"HP:0011443",2,0.014,13373,90.769
"HP:0011496",2,0.014,13375,90.783
"HP:0011499",2,0.014,13377,90.796
"HP:0011524",2,0.014,13379,90.81
"HP:0011626",2,0.014,13381,90.823
"HP:0011662",2,0.014,13383,90.837
"HP:0011712",2,0.014,13385,90.85
"HP:0011833",2,0.014,13387,90.864
"HP:0011863",2,0.014,13389,90.878
"HP:0011939",2,0.014,13391,90.891
"HP:0011950",2,0.014,13393,90.905
"HP:0012020",2,0.014,13395,90.918
"HP:0012030",2,0.014,13397,90.932
"HP:0012032",2,0.014,13399,90.945
"HP:0012048",2,0.014,13401,90.959
"HP:0012054",2,0.014,13403,90.973
"HP:0012055",2,0.014,13405,90.986
"HP:0012125",2,0.014,13407,91
"HP:0012168",2,0.014,13409,91.013
"HP:0012182",2,0.014,13411,91.027
"HP:0012191",2,0.014,13413,91.041
"HP:0012210",2,0.014,13415,91.054
"HP:0012303",2,0.014,13417,91.068
"HP:0012324",2,0.014,13419,91.081
"HP:0012412",2,0.014,13421,91.095
"HP:0012420",2,0.014,13423,91.108
"HP:0012433",2,0.014,13425,91.122
"HP:0012508",2,0.014,13427,91.136
"HP:0012510",2,0.014,13429,91.149
"HP:0012547",2,0.014,13431,91.163
"HP:0012736",2,0.014,13433,91.176
"HP:0012741",2,0.014,13435,91.19
"HP:0012764",2,0.014,13437,91.203
"HP:0012771",2,0.014,13439,91.217
"HP:0012804",2,0.014,13441,91.231
"HP:0012806",2,0.014,13443,91.244
"HP:0025142",2,0.014,13445,91.258
"HP:0025162",2,0.014,13447,91.271
"HP:0025186",2,0.014,13449,91.285
"HP:0025190",2,0.014,13451,91.298
"HP:0025325",2,0.014,13453,91.312
"HP:0025383",2,0.014,13455,91.326
"HP:0025425",2,0.014,13457,91.339
"HP:0025573",2,0.014,13459,91.353
"HP:0030001",2,0.014,13461,91.366
"HP:0030047",2,0.014,13463,91.38
"HP:0030048",2,0.014,13465,91.393
"HP:0030078",2,0.014,13467,91.407
"HP:0030148",2,0.014,13469,91.421
"HP:0030192",2,0.014,13471,91.434
"HP:0030195",2,0.014,13473,91.448
"HP:0030196",2,0.014,13475,91.461
"HP:0030260",2,0.014,13477,91.475
"HP:0030374",2,0.014,13479,91.488
"HP:0030406",2,0.014,13481,91.502
"HP:0030732",2,0.014,13483,91.516
"HP:0030746",2,0.014,13485,91.529
"HP:0030786",2,0.014,13487,91.543
"HP:0030800",2,0.014,13489,91.556
"HP:0031087",2,0.014,13491,91.57
"HP:0031207",2,0.014,13493,91.584
"HP:0031251",2,0.014,13495,91.597
"HP:0031354",2,0.014,13497,91.611
"HP:0031475",2,0.014,13499,91.624
"HP:0031546",2,0.014,13501,91.638
"HP:0031624",2,0.014,13503,91.651
"HP:0031631",2,0.014,13505,91.665
"HP:0031845",2,0.014,13507,91.679
"HP:0031959",2,0.014,13509,91.692
"HP:0031993",2,0.014,13511,91.706
"HP:0032059",2,0.014,13513,91.719
"HP:0032132",2,0.014,13515,91.733
"HP:0032521",2,0.014,13517,91.746
"HP:0033127",2,0.014,13519,91.76
"HP:0033328",2,0.014,13521,91.774
"HP:0033683",2,0.014,13523,91.787
"HP:0034227",2,0.014,13525,91.801
"HP:0034353",2,0.014,13527,91.814
"HP:0034392",2,0.014,13529,91.828
"HP:0040195",2,0.014,13531,91.841
"HP:0040262",2,0.014,13533,91.855
"HP:0100013",2,0.014,13535,91.869
"HP:0100267",2,0.014,13537,91.882
"HP:0100272",2,0.014,13539,91.896
"HP:0100308",2,0.014,13541,91.909
"HP:0100334",2,0.014,13543,91.923
"HP:0100337",2,0.014,13545,91.936
"HP:0100533",2,0.014,13547,91.95
"HP:0100539",2,0.014,13549,91.964
"HP:0100540",2,0.014,13551,91.977
"HP:0100581",2,0.014,13553,91.991
"HP:0100613",2,0.014,13555,92.004
"HP:0100678",2,0.014,13557,92.018
"HP:0100735",2,0.014,13559,92.031
"HP:0100749",2,0.014,13561,92.045
"HP:0100750",2,0.014,13563,92.059
"HP:0100765",2,0.014,13565,92.072
"HP:0100806",2,0.014,13567,92.086
"HP:0100874",2,0.014,13569,92.099
"HP:0200005",2,0.014,13571,92.113
"HP:0200006",2,0.014,13573,92.127
"HP:0200026",2,0.014,13575,92.14
"HP:0400004",2,0.014,13577,92.154
"HP:0410018",2,0.014,13579,92.167
"HP:0410386",2,0.014,13581,92.181
"HP:0000002",1,0.007,13582,92.188
"HP:0000008",1,0.007,13583,92.194
"HP:0000013",1,0.007,13584,92.201
"HP:0000014",1,0.007,13585,92.208
"HP:0000015",1,0.007,13586,92.215
"HP:0000025",1,0.007,13587,92.222
"HP:0000037",1,0.007,13588,92.228
"HP:0000039",1,0.007,13589,92.235
"HP:0000045",1,0.007,13590,92.242
"HP:0000048",1,0.007,13591,92.249
"HP:0000060",1,0.007,13592,92.255
"HP:0000069",1,0.007,13593,92.262
"HP:0000097",1,0.007,13594,92.269
"HP:0000105",1,0.007,13595,92.276
"HP:0000108",1,0.007,13596,92.283
"HP:0000112",1,0.007,13597,92.289
"HP:0000118",1,0.007,13598,92.296
"HP:0000131",1,0.007,13599,92.303
"HP:0000139",1,0.007,13600,92.31
"HP:0000143",1,0.007,13601,92.317
"HP:0000155",1,0.007,13602,92.323
"HP:0000177",1,0.007,13603,92.33
"HP:0000187",1,0.007,13604,92.337
"HP:0000190",1,0.007,13605,92.344
"HP:0000196",1,0.007,13606,92.351
"HP:0000200",1,0.007,13607,92.357
"HP:0000207",1,0.007,13608,92.364
"HP:0000221",1,0.007,13609,92.371
"HP:0000224",1,0.007,13610,92.378
"HP:0000237",1,0.007,13611,92.384
"HP:0000265",1,0.007,13612,92.391
"HP:0000269",1,0.007,13613,92.398
"HP:0000292",1,0.007,13614,92.405
"HP:0000298",1,0.007,13615,92.412
"HP:0000329",1,0.007,13616,92.418
"HP:0000359",1,0.007,13617,92.425
"HP:0000375",1,0.007,13618,92.432
"HP:0000394",1,0.007,13619,92.439
"HP:0000408",1,0.007,13620,92.446
"HP:0000417",1,0.007,13621,92.452
"HP:0000418",1,0.007,13622,92.459
"HP:0000451",1,0.007,13623,92.466
"HP:0000454",1,0.007,13624,92.473
"HP:0000458",1,0.007,13625,92.479
"HP:0000481",1,0.007,13626,92.486
"HP:0000484",1,0.007,13627,92.493
"HP:0000495",1,0.007,13628,92.5
"HP:0000512",1,0.007,13629,92.507
"HP:0000522",1,0.007,13630,92.513
"HP:0000526",1,0.007,13631,92.52
"HP:0000534",1,0.007,13632,92.527
"HP:0000543",1,0.007,13633,92.534
"HP:0000551",1,0.007,13634,92.541
"HP:0000554",1,0.007,13635,92.547
"HP:0000573",1,0.007,13636,92.554
"HP:0000580",1,0.007,13637,92.561
"HP:0000586",1,0.007,13638,92.568
"HP:0000587",1,0.007,13639,92.574
"HP:0000593",1,0.007,13640,92.581
"HP:0000597",1,0.007,13641,92.588
"HP:0000598",1,0.007,13642,92.595
"HP:0000607",1,0.007,13643,92.602
"HP:0000608",1,0.007,13644,92.608
"HP:0000614",1,0.007,13645,92.615
"HP:0000615",1,0.007,13646,92.622
"HP:0000616",1,0.007,13647,92.629
"HP:0000621",1,0.007,13648,92.636
"HP:0000633",1,0.007,13649,92.642
"HP:0000640",1,0.007,13650,92.649
"HP:0000653",1,0.007,13651,92.656
"HP:0000656",1,0.007,13652,92.663
"HP:0000662",1,0.007,13653,92.67
"HP:0000675",1,0.007,13654,92.676
"HP:0000685",1,0.007,13655,92.683
"HP:0000690",1,0.007,13656,92.69
"HP:0000705",1,0.007,13657,92.697
"HP:0000721",1,0.007,13658,92.703
"HP:0000723",1,0.007,13659,92.71
"HP:0000732",1,0.007,13660,92.717
"HP:0000740",1,0.007,13661,92.724
"HP:0000758",1,0.007,13662,92.731
"HP:0000759",1,0.007,13663,92.737
"HP:0000763",1,0.007,13664,92.744
"HP:0000773",1,0.007,13665,92.751
"HP:0000798",1,0.007,13666,92.758
"HP:0000813",1,0.007,13667,92.765
"HP:0000818",1,0.007,13668,92.771
"HP:0000820",1,0.007,13669,92.778
"HP:0000830",1,0.007,13670,92.785
"HP:0000834",1,0.007,13671,92.792
"HP:0000842",1,0.007,13672,92.798
"HP:0000846",1,0.007,13673,92.805
"HP:0000852",1,0.007,13674,92.812
"HP:0000855",1,0.007,13675,92.819
"HP:0000859",1,0.007,13676,92.826
"HP:0000860",1,0.007,13677,92.832
"HP:0000864",1,0.007,13678,92.839
"HP:0000882",1,0.007,13679,92.846
"HP:0000883",1,0.007,13680,92.853
"HP:0000889",1,0.007,13681,92.86
"HP:0000892",1,0.007,13682,92.866
"HP:0000912",1,0.007,13683,92.873
"HP:0000913",1,0.007,13684,92.88
"HP:0000914",1,0.007,13685,92.887
"HP:0000926",1,0.007,13686,92.894
"HP:0000940",1,0.007,13687,92.9
"HP:0000941",1,0.007,13688,92.907
"HP:0000946",1,0.007,13689,92.914
"HP:0000952",1,0.007,13690,92.921
"HP:0000968",1,0.007,13691,92.927
"HP:0000970",1,0.007,13692,92.934
"HP:0000987",1,0.007,13693,92.941
"HP:0000988",1,0.007,13694,92.948
"HP:0001004",1,0.007,13695,92.955
"HP:0001005",1,0.007,13696,92.961
"HP:0001019",1,0.007,13697,92.968
"HP:0001025",1,0.007,13698,92.975
"HP:0001029",1,0.007,13699,92.982
"HP:0001036",1,0.007,13700,92.989
"HP:0001047",1,0.007,13701,92.995
"HP:0001057",1,0.007,13702,93.002
"HP:0001058",1,0.007,13703,93.009
"HP:0001060",1,0.007,13704,93.016
"HP:0001072",1,0.007,13705,93.022
"HP:0001082",1,0.007,13706,93.029
"HP:0001090",1,0.007,13707,93.036
"HP:0001095",1,0.007,13708,93.043
"HP:0001096",1,0.007,13709,93.05
"HP:0001097",1,0.007,13710,93.056
"HP:0001107",1,0.007,13711,93.063
"HP:0001131",1,0.007,13712,93.07
"HP:0001132",1,0.007,13713,93.077
"HP:0001138",1,0.007,13714,93.084
"HP:0001141",1,0.007,13715,93.09
"HP:0001152",1,0.007,13716,93.097
"HP:0001153",1,0.007,13717,93.104
"HP:0001199",1,0.007,13718,93.111
"HP:0001211",1,0.007,13719,93.117
"HP:0001220",1,0.007,13720,93.124
"HP:0001230",1,0.007,13721,93.131
"HP:0001245",1,0.007,13722,93.138
"HP:0001271",1,0.007,13723,93.145
"HP:0001278",1,0.007,13724,93.151
"HP:0001285",1,0.007,13725,93.158
"HP:0001291",1,0.007,13726,93.165
"HP:0001293",1,0.007,13727,93.172
"HP:0001304",1,0.007,13728,93.179
"HP:0001326",1,0.007,13729,93.185
"HP:0001334",1,0.007,13730,93.192
"HP:0001335",1,0.007,13731,93.199
"HP:0001360",1,0.007,13732,93.206
"HP:0001361",1,0.007,13733,93.213
"HP:0001402",1,0.007,13734,93.219
"HP:0001409",1,0.007,13735,93.226
"HP:0001410",1,0.007,13736,93.233
"HP:0001426",1,0.007,13737,93.24
"HP:0001466",1,0.007,13738,93.246
"HP:0001530",1,0.007,13739,93.253
"HP:0001533",1,0.007,13740,93.26
"HP:0001540",1,0.007,13741,93.267
"HP:0001541",1,0.007,13742,93.274
"HP:0001544",1,0.007,13743,93.28
"HP:0001592",1,0.007,13744,93.287
"HP:0001597",1,0.007,13745,93.294
"HP:0001598",1,0.007,13746,93.301
"HP:0001600",1,0.007,13747,93.308
"HP:0001605",1,0.007,13748,93.314
"HP:0001607",1,0.007,13749,93.321
"HP:0001615",1,0.007,13750,93.328
"HP:0001621",1,0.007,13751,93.335
"HP:0001645",1,0.007,13752,93.341
"HP:0001657",1,0.007,13753,93.348
"HP:0001662",1,0.007,13754,93.355
"HP:0001674",1,0.007,13755,93.362
"HP:0001682",1,0.007,13756,93.369
"HP:0001702",1,0.007,13757,93.375
"HP:0001704",1,0.007,13758,93.382
"HP:0001708",1,0.007,13759,93.389
"HP:0001710",1,0.007,13760,93.396
"HP:0001714",1,0.007,13761,93.403
"HP:0001737",1,0.007,13762,93.409
"HP:0001743",1,0.007,13763,93.416
"HP:0001771",1,0.007,13764,93.423
"HP:0001786",1,0.007,13765,93.43
"HP:0001788",1,0.007,13766,93.437
"HP:0001798",1,0.007,13767,93.443
"HP:0001804",1,0.007,13768,93.45
"HP:0001806",1,0.007,13769,93.457
"HP:0001807",1,0.007,13770,93.464
"HP:0001810",1,0.007,13771,93.47
"HP:0001830",1,0.007,13772,93.477
"HP:0001884",1,0.007,13773,93.484
"HP:0001890",1,0.007,13774,93.491
"HP:0001891",1,0.007,13775,93.498
"HP:0001894",1,0.007,13776,93.504
"HP:0001913",1,0.007,13777,93.511
"HP:0001915",1,0.007,13778,93.518
"HP:0001931",1,0.007,13779,93.525
"HP:0001935",1,0.007,13780,93.532
"HP:0001944",1,0.007,13781,93.538
"HP:0001958",1,0.007,13782,93.545
"HP:0001967",1,0.007,13783,93.552
"HP:0001969",1,0.007,13784,93.559
"HP:0001971",1,0.007,13785,93.565
"HP:0001988",1,0.007,13786,93.572
"HP:0001992",1,0.007,13787,93.579
"HP:0002036",1,0.007,13788,93.586
"HP:0002037",1,0.007,13789,93.593
"HP:0002041",1,0.007,13790,93.599
"HP:0002046",1,0.007,13791,93.606
"HP:0002047",1,0.007,13792,93.613
"HP:0002084",1,0.007,13793,93.62
"HP:0002085",1,0.007,13794,93.627
"HP:0002088",1,0.007,13795,93.633
"HP:0002108",1,0.007,13796,93.64
"HP:0002150",1,0.007,13797,93.647
"HP:0002153",1,0.007,13798,93.654
"HP:0002155",1,0.007,13799,93.66
"HP:0002156",1,0.007,13800,93.667
"HP:0002160",1,0.007,13801,93.674
"HP:0002169",1,0.007,13802,93.681
"HP:0002170",1,0.007,13803,93.688
"HP:0002173",1,0.007,13804,93.694
"HP:0002202",1,0.007,13805,93.701
"HP:0002206",1,0.007,13806,93.708
"HP:0002208",1,0.007,13807,93.715
"HP:0002212",1,0.007,13808,93.722
"HP:0002223",1,0.007,13809,93.728
"HP:0002231",1,0.007,13810,93.735
"HP:0002242",1,0.007,13811,93.742
"HP:0002245",1,0.007,13812,93.749
"HP:0002248",1,0.007,13813,93.756
"HP:0002249",1,0.007,13814,93.762
"HP:0002253",1,0.007,13815,93.769
"HP:0002257",1,0.007,13816,93.776
"HP:0002265",1,0.007,13817,93.783
"HP:0002267",1,0.007,13818,93.789
"HP:0002268",1,0.007,13819,93.796
"HP:0002273",1,0.007,13820,93.803
"HP:0002275",1,0.007,13821,93.81
"HP:0002286",1,0.007,13822,93.817
"HP:0002299",1,0.007,13823,93.823
"HP:0002305",1,0.007,13824,93.83
"HP:0002310",1,0.007,13825,93.837
"HP:0002326",1,0.007,13826,93.844
"HP:0002331",1,0.007,13827,93.851
"HP:0002333",1,0.007,13828,93.857
"HP:0002343",1,0.007,13829,93.864
"HP:0002344",1,0.007,13830,93.871
"HP:0002345",1,0.007,13831,93.878
"HP:0002349",1,0.007,13832,93.884
"HP:0002356",1,0.007,13833,93.891
"HP:0002361",1,0.007,13834,93.898
"HP:0002363",1,0.007,13835,93.905
"HP:0002371",1,0.007,13836,93.912
"HP:0002383",1,0.007,13837,93.918
"HP:0002442",1,0.007,13838,93.925
"HP:0002446",1,0.007,13839,93.932
"HP:0002461",1,0.007,13840,93.939
"HP:0002475",1,0.007,13841,93.946
"HP:0002490",1,0.007,13842,93.952
"HP:0002494",1,0.007,13843,93.959
"HP:0002506",1,0.007,13844,93.966
"HP:0002536",1,0.007,13845,93.973
"HP:0002542",1,0.007,13846,93.98
"HP:0002544",1,0.007,13847,93.986
"HP:0002545",1,0.007,13848,93.993
"HP:0002548",1,0.007,13849,94
"HP:0002571",1,0.007,13850,94.007
"HP:0002576",1,0.007,13851,94.013
"HP:0002578",1,0.007,13852,94.02
"HP:0002585",1,0.007,13853,94.027
"HP:0002592",1,0.007,13854,94.034
"HP:0002617",1,0.007,13855,94.041
"HP:0002637",1,0.007,13856,94.047
"HP:0002640",1,0.007,13857,94.054
"HP:0002644",1,0.007,13858,94.061
"HP:0002671",1,0.007,13859,94.068
"HP:0002677",1,0.007,13860,94.075
"HP:0002678",1,0.007,13861,94.081
"HP:0002688",1,0.007,13862,94.088
"HP:0002690",1,0.007,13863,94.095
"HP:0002694",1,0.007,13864,94.102
"HP:0002708",1,0.007,13865,94.108
"HP:0002711",1,0.007,13866,94.115
"HP:0002718",1,0.007,13867,94.122
"HP:0002730",1,0.007,13868,94.129
"HP:0002747",1,0.007,13869,94.136
"HP:0002756",1,0.007,13870,94.142
"HP:0002777",1,0.007,13871,94.149
"HP:0002780",1,0.007,13872,94.156
"HP:0002786",1,0.007,13873,94.163
"HP:0002789",1,0.007,13874,94.17
"HP:0002791",1,0.007,13875,94.176
"HP:0002795",1,0.007,13876,94.183
"HP:0002815",1,0.007,13877,94.19
"HP:0002817",1,0.007,13878,94.197
"HP:0002821",1,0.007,13879,94.203
"HP:0002823",1,0.007,13880,94.21
"HP:0002828",1,0.007,13881,94.217
"HP:0002834",1,0.007,13882,94.224
"HP:0002850",1,0.007,13883,94.231
"HP:0002859",1,0.007,13884,94.237
"HP:0002860",1,0.007,13885,94.244
"HP:0002864",1,0.007,13886,94.251
"HP:0002868",1,0.007,13887,94.258
"HP:0002876",1,0.007,13888,94.265
"HP:0002882",1,0.007,13889,94.271
"HP:0002891",1,0.007,13890,94.278
"HP:0002896",1,0.007,13891,94.285
"HP:0002904",1,0.007,13892,94.292
"HP:0002912",1,0.007,13893,94.299
"HP:0002926",1,0.007,13894,94.305
"HP:0002928",1,0.007,13895,94.312
"HP:0002933",1,0.007,13896,94.319
"HP:0002936",1,0.007,13897,94.326
"HP:0002944",1,0.007,13898,94.332
"HP:0002953",1,0.007,13899,94.339
"HP:0002961",1,0.007,13900,94.346
"HP:0002970",1,0.007,13901,94.353
"HP:0002973",1,0.007,13902,94.36
"HP:0002982",1,0.007,13903,94.366
"HP:0002996",1,0.007,13904,94.373
"HP:0003003",1,0.007,13905,94.38
"HP:0003011",1,0.007,13906,94.387
"HP:0003016",1,0.007,13907,94.394
"HP:0003019",1,0.007,13908,94.4
"HP:0003021",1,0.007,13909,94.407
"HP:0003038",1,0.007,13910,94.414
"HP:0003043",1,0.007,13911,94.421
"HP:0003048",1,0.007,13912,94.427
"HP:0003049",1,0.007,13913,94.434
"HP:0003066",1,0.007,13914,94.441
"HP:0003067",1,0.007,13915,94.448
"HP:0003073",1,0.007,13916,94.455
"HP:0003077",1,0.007,13917,94.461
"HP:0003079",1,0.007,13918,94.468
"HP:0003090",1,0.007,13919,94.475
"HP:0003097",1,0.007,13920,94.482
"HP:0003100",1,0.007,13921,94.489
"HP:0003119",1,0.007,13922,94.495
"HP:0003124",1,0.007,13923,94.502
"HP:0003130",1,0.007,13924,94.509
"HP:0003134",1,0.007,13925,94.516
"HP:0003154",1,0.007,13926,94.523
"HP:0003155",1,0.007,13927,94.529
"HP:0003164",1,0.007,13928,94.536
"HP:0003175",1,0.007,13929,94.543
"HP:0003180",1,0.007,13930,94.55
"HP:0003224",1,0.007,13931,94.556
"HP:0003251",1,0.007,13932,94.563
"HP:0003259",1,0.007,13933,94.57
"HP:0003265",1,0.007,13934,94.577
"HP:0003272",1,0.007,13935,94.584
"HP:0003278",1,0.007,13936,94.59
"HP:0003302",1,0.007,13937,94.597
"HP:0003323",1,0.007,13938,94.604
"HP:0003325",1,0.007,13939,94.611
"HP:0003345",1,0.007,13940,94.618
"HP:0003348",1,0.007,13941,94.624
"HP:0003387",1,0.007,13942,94.631
"HP:0003390",1,0.007,13943,94.638
"HP:0003416",1,0.007,13944,94.645
"HP:0003422",1,0.007,13945,94.651
"HP:0003445",1,0.007,13946,94.658
"HP:0003453",1,0.007,13947,94.665
"HP:0003457",1,0.007,13948,94.672
"HP:0003458",1,0.007,13949,94.679
"HP:0003469",1,0.007,13950,94.685
"HP:0003493",1,0.007,13951,94.692
"HP:0003496",1,0.007,13952,94.699
"HP:0003517",1,0.007,13953,94.706
"HP:0003542",1,0.007,13954,94.713
"HP:0003552",1,0.007,13955,94.719
"HP:0003561",1,0.007,13956,94.726
"HP:0003574",1,0.007,13957,94.733
"HP:0003639",1,0.007,13958,94.74
"HP:0003648",1,0.007,13959,94.746
"HP:0003677",1,0.007,13960,94.753
"HP:0003680",1,0.007,13961,94.76
"HP:0003700",1,0.007,13962,94.767
"HP:0003724",1,0.007,13963,94.774
"HP:0003743",1,0.007,13964,94.78
"HP:0003781",1,0.007,13965,94.787
"HP:0003782",1,0.007,13966,94.794
"HP:0003808",1,0.007,13967,94.801
"HP:0003811",1,0.007,13968,94.808
"HP:0003828",1,0.007,13969,94.814
"HP:0003835",1,0.007,13970,94.821
"HP:0003879",1,0.007,13971,94.828
"HP:0003911",1,0.007,13972,94.835
"HP:0003974",1,0.007,13973,94.842
"HP:0003997",1,0.007,13974,94.848
"HP:0004058",1,0.007,13975,94.855
"HP:0004233",1,0.007,13976,94.862
"HP:0004295",1,0.007,13977,94.869
"HP:0004299",1,0.007,13978,94.875
"HP:0004306",1,0.007,13979,94.882
"HP:0004308",1,0.007,13980,94.889
"HP:0004327",1,0.007,13981,94.896
"HP:0004332",1,0.007,13982,94.903
"HP:0004334",1,0.007,13983,94.909
"HP:0004348",1,0.007,13984,94.916
"HP:0004370",1,0.007,13985,94.923
"HP:0004373",1,0.007,13986,94.93
"HP:0004377",1,0.007,13987,94.937
"HP:0004378",1,0.007,13988,94.943
"HP:0004381",1,0.007,13989,94.95
"HP:0004385",1,0.007,13990,94.957
"HP:0004389",1,0.007,13991,94.964
"HP:0004409",1,0.007,13992,94.97
"HP:0004426",1,0.007,13993,94.977
"HP:0004428",1,0.007,13994,94.984
"HP:0004429",1,0.007,13995,94.991
"HP:0004463",1,0.007,13996,94.998
"HP:0004469",1,0.007,13997,95.004
"HP:0004493",1,0.007,13998,95.011
"HP:0004502",1,0.007,13999,95.018
"HP:0004523",1,0.007,14000,95.025
"HP:0004540",1,0.007,14001,95.032
"HP:0004626",1,0.007,14002,95.038
"HP:0004681",1,0.007,14003,95.045
"HP:0004684",1,0.007,14004,95.052
"HP:0004692",1,0.007,14005,95.059
"HP:0004696",1,0.007,14006,95.065
"HP:0004768",1,0.007,14007,95.072
"HP:0004780",1,0.007,14008,95.079
"HP:0004785",1,0.007,14009,95.086
"HP:0004798",1,0.007,14010,95.093
"HP:0004828",1,0.007,14011,95.099
"HP:0004840",1,0.007,14012,95.106
"HP:0004878",1,0.007,14013,95.113
"HP:0004879",1,0.007,14014,95.12
"HP:0004891",1,0.007,14015,95.127
"HP:0004918",1,0.007,14016,95.133
"HP:0004934",1,0.007,14017,95.14
"HP:0004987",1,0.007,14018,95.147
"HP:0005011",1,0.007,14019,95.154
"HP:0005026",1,0.007,14020,95.161
"HP:0005115",1,0.007,14021,95.167
"HP:0005135",1,0.007,14022,95.174
"HP:0005164",1,0.007,14023,95.181
"HP:0005176",1,0.007,14024,95.188
"HP:0005181",1,0.007,14025,95.194
"HP:0005184",1,0.007,14026,95.201
"HP:0005193",1,0.007,14027,95.208
"HP:0005249",1,0.007,14028,95.215
"HP:0005268",1,0.007,14029,95.222
"HP:0005278",1,0.007,14030,95.228
"HP:0005288",1,0.007,14031,95.235
"HP:0005302",1,0.007,14032,95.242
"HP:0005324",1,0.007,14033,95.249
"HP:0005326",1,0.007,14034,95.256
"HP:0005345",1,0.007,14035,95.262
"HP:0005357",1,0.007,14036,95.269
"HP:0005359",1,0.007,14037,95.276
"HP:0005407",1,0.007,14038,95.283
"HP:0005421",1,0.007,14039,95.289
"HP:0005425",1,0.007,14040,95.296
"HP:0005445",1,0.007,14041,95.303
"HP:0005473",1,0.007,14042,95.31
"HP:0005490",1,0.007,14043,95.317
"HP:0005513",1,0.007,14044,95.323
"HP:0005522",1,0.007,14045,95.33
"HP:0005547",1,0.007,14046,95.337
"HP:0005550",1,0.007,14047,95.344
"HP:0005561",1,0.007,14048,95.351
"HP:0005564",1,0.007,14049,95.357
"HP:0005565",1,0.007,14050,95.364
"HP:0005590",1,0.007,14051,95.371
"HP:0005599",1,0.007,14052,95.378
"HP:0005602",1,0.007,14053,95.385
"HP:0005607",1,0.007,14054,95.391
"HP:0005617",1,0.007,14055,95.398
"HP:0005620",1,0.007,14056,95.405
"HP:0005656",1,0.007,14057,95.412
"HP:0005659",1,0.007,14058,95.418
"HP:0005684",1,0.007,14059,95.425
"HP:0005736",1,0.007,14060,95.432
"HP:0005764",1,0.007,14061,95.439
"HP:0005780",1,0.007,14062,95.446
"HP:0005863",1,0.007,14063,95.452
"HP:0005867",1,0.007,14064,95.459
"HP:0005871",1,0.007,14065,95.466
"HP:0005916",1,0.007,14066,95.473
"HP:0005947",1,0.007,14067,95.48
"HP:0005989",1,0.007,14068,95.486
"HP:0006000",1,0.007,14069,95.493
"HP:0006028",1,0.007,14070,95.5
"HP:0006094",1,0.007,14071,95.507
"HP:0006143",1,0.007,14072,95.513
"HP:0006155",1,0.007,14073,95.52
"HP:0006185",1,0.007,14074,95.527
"HP:0006208",1,0.007,14075,95.534
"HP:0006248",1,0.007,14076,95.541
"HP:0006265",1,0.007,14077,95.547
"HP:0006276",1,0.007,14078,95.554
"HP:0006313",1,0.007,14079,95.561
"HP:0006315",1,0.007,14080,95.568
"HP:0006342",1,0.007,14081,95.575
"HP:0006352",1,0.007,14082,95.581
"HP:0006355",1,0.007,14083,95.588
"HP:0006361",1,0.007,14084,95.595
"HP:0006383",1,0.007,14085,95.602
"HP:0006385",1,0.007,14086,95.608
"HP:0006387",1,0.007,14087,95.615
"HP:0006390",1,0.007,14088,95.622
"HP:0006402",1,0.007,14089,95.629
"HP:0006434",1,0.007,14090,95.636
"HP:0006442",1,0.007,14091,95.642
"HP:0006466",1,0.007,14092,95.649
"HP:0006471",1,0.007,14093,95.656
"HP:0006476",1,0.007,14094,95.663
"HP:0006480",1,0.007,14095,95.67
"HP:0006498",1,0.007,14096,95.676
"HP:0006511",1,0.007,14097,95.683
"HP:0006519",1,0.007,14098,95.69
"HP:0006587",1,0.007,14099,95.697
"HP:0006660",1,0.007,14100,95.704
"HP:0006692",1,0.007,14101,95.71
"HP:0006716",1,0.007,14102,95.717
"HP:0006737",1,0.007,14103,95.724
"HP:0006740",1,0.007,14104,95.731
"HP:0006748",1,0.007,14105,95.737
"HP:0006767",1,0.007,14106,95.744
"HP:0006775",1,0.007,14107,95.751
"HP:0006801",1,0.007,14108,95.758
"HP:0006813",1,0.007,14109,95.765
"HP:0006850",1,0.007,14110,95.771
"HP:0006934",1,0.007,14111,95.778
"HP:0006958",1,0.007,14112,95.785
"HP:0006986",1,0.007,14113,95.792
"HP:0006999",1,0.007,14114,95.799
"HP:0007011",1,0.007,14115,95.805
"HP:0007020",1,0.007,14116,95.812
"HP:0007024",1,0.007,14117,95.819
"HP:0007042",1,0.007,14118,95.826
"HP:0007047",1,0.007,14119,95.832
"HP:0007048",1,0.007,14120,95.839
"HP:0007057",1,0.007,14121,95.846
"HP:0007064",1,0.007,14122,95.853
"HP:0007068",1,0.007,14123,95.86
"HP:0007082",1,0.007,14124,95.866
"HP:0007103",1,0.007,14125,95.873
"HP:0007110",1,0.007,14126,95.88
"HP:0007141",1,0.007,14127,95.887
"HP:0007153",1,0.007,14128,95.894
"HP:0007158",1,0.007,14129,95.9
"HP:0007159",1,0.007,14130,95.907
"HP:0007210",1,0.007,14131,95.914
"HP:0007229",1,0.007,14132,95.921
"HP:0007281",1,0.007,14133,95.928
"HP:0007305",1,0.007,14134,95.934
"HP:0007366",1,0.007,14135,95.941
"HP:0007367",1,0.007,14136,95.948
"HP:0007372",1,0.007,14137,95.955
"HP:0007375",1,0.007,14138,95.961
"HP:0007400",1,0.007,14139,95.968
"HP:0007413",1,0.007,14140,95.975
"HP:0007417",1,0.007,14141,95.982
"HP:0007429",1,0.007,14142,95.989
"HP:0007509",1,0.007,14143,95.995
"HP:0007552",1,0.007,14144,96.002
"HP:0007605",1,0.007,14145,96.009
"HP:0007623",1,0.007,14146,96.016
"HP:0007633",1,0.007,14147,96.023
"HP:0007676",1,0.007,14148,96.029
"HP:0007687",1,0.007,14149,96.036
"HP:0007716",1,0.007,14150,96.043
"HP:0007720",1,0.007,14151,96.05
"HP:0007730",1,0.007,14152,96.056
"HP:0007733",1,0.007,14153,96.063
"HP:0007759",1,0.007,14154,96.07
"HP:0007763",1,0.007,14155,96.077
"HP:0007766",1,0.007,14156,96.084
"HP:0007773",1,0.007,14157,96.09
"HP:0007795",1,0.007,14158,96.097
"HP:0007807",1,0.007,14159,96.104
"HP:0007814",1,0.007,14160,96.111
"HP:0007824",1,0.007,14161,96.118
"HP:0007898",1,0.007,14162,96.124
"HP:0007933",1,0.007,14163,96.131
"HP:0007968",1,0.007,14164,96.138
"HP:0008000",1,0.007,14165,96.145
"HP:0008046",1,0.007,14166,96.151
"HP:0008065",1,0.007,14167,96.158
"HP:0008071",1,0.007,14168,96.165
"HP:0008093",1,0.007,14169,96.172
"HP:0008094",1,0.007,14170,96.179
"HP:0008110",1,0.007,14171,96.185
"HP:0008124",1,0.007,14172,96.192
"HP:0008125",1,0.007,14173,96.199
"HP:0008187",1,0.007,14174,96.206
"HP:0008188",1,0.007,14175,96.213
"HP:0008191",1,0.007,14176,96.219
"HP:0008197",1,0.007,14177,96.226
"HP:0008207",1,0.007,14178,96.233
"HP:0008209",1,0.007,14179,96.24
"HP:0008213",1,0.007,14180,96.247
"HP:0008221",1,0.007,14181,96.253
"HP:0008231",1,0.007,14182,96.26
"HP:0008232",1,0.007,14183,96.267
"HP:0008242",1,0.007,14184,96.274
"HP:0008282",1,0.007,14185,96.28
"HP:0008283",1,0.007,14186,96.287
"HP:0008291",1,0.007,14187,96.294
"HP:0008358",1,0.007,14188,96.301
"HP:0008364",1,0.007,14189,96.308
"HP:0008366",1,0.007,14190,96.314
"HP:0008368",1,0.007,14191,96.321
"HP:0008434",1,0.007,14192,96.328
"HP:0008441",1,0.007,14193,96.335
"HP:0008445",1,0.007,14194,96.342
"HP:0008454",1,0.007,14195,96.348
"HP:0008468",1,0.007,14196,96.355
"HP:0008472",1,0.007,14197,96.362
"HP:0008513",1,0.007,14198,96.369
"HP:0008523",1,0.007,14199,96.375
"HP:0008554",1,0.007,14200,96.382
"HP:0008593",1,0.007,14201,96.389
"HP:0008607",1,0.007,14202,96.396
"HP:0008609",1,0.007,14203,96.403
"HP:0008615",1,0.007,14204,96.409
"HP:0008625",1,0.007,14205,96.416
"HP:0008629",1,0.007,14206,96.423
"HP:0008639",1,0.007,14207,96.43
"HP:0008669",1,0.007,14208,96.437
"HP:0008683",1,0.007,14209,96.443
"HP:0008724",1,0.007,14210,96.45
"HP:0008743",1,0.007,14211,96.457
"HP:0008744",1,0.007,14212,96.464
"HP:0008751",1,0.007,14213,96.471
"HP:0008753",1,0.007,14214,96.477
"HP:0008755",1,0.007,14215,96.484
"HP:0008762",1,0.007,14216,96.491
"HP:0008796",1,0.007,14217,96.498
"HP:0008807",1,0.007,14218,96.504
"HP:0008823",1,0.007,14219,96.511
"HP:0008839",1,0.007,14220,96.518
"HP:0008940",1,0.007,14221,96.525
"HP:0008948",1,0.007,14222,96.532
"HP:0008952",1,0.007,14223,96.538
"HP:0008959",1,0.007,14224,96.545
"HP:0009004",1,0.007,14225,96.552
"HP:0009023",1,0.007,14226,96.559
"HP:0009085",1,0.007,14227,96.566
"HP:0009094",1,0.007,14228,96.572
"HP:0009110",1,0.007,14229,96.579
"HP:0009129",1,0.007,14230,96.586
"HP:0009130",1,0.007,14231,96.593
"HP:0009185",1,0.007,14232,96.599
"HP:0009275",1,0.007,14233,96.606
"HP:0009380",1,0.007,14234,96.613
"HP:0009486",1,0.007,14235,96.62
"HP:0009556",1,0.007,14236,96.627
"HP:0009577",1,0.007,14237,96.633
"HP:0009588",1,0.007,14238,96.64
"HP:0009589",1,0.007,14239,96.647
"HP:0009592",1,0.007,14240,96.654
"HP:0009593",1,0.007,14241,96.661
"HP:0009601",1,0.007,14242,96.667
"HP:0009602",1,0.007,14243,96.674
"HP:0009640",1,0.007,14244,96.681
"HP:0009650",1,0.007,14245,96.688
"HP:0009697",1,0.007,14246,96.694
"HP:0009702",1,0.007,14247,96.701
"HP:0009726",1,0.007,14248,96.708
"HP:0009733",1,0.007,14249,96.715
"HP:0009746",1,0.007,14250,96.722
"HP:0009747",1,0.007,14251,96.728
"HP:0009755",1,0.007,14252,96.735
"HP:0009777",1,0.007,14253,96.742
"HP:0009794",1,0.007,14254,96.749
"HP:0009795",1,0.007,14255,96.756
"HP:0009811",1,0.007,14256,96.762
"HP:0009824",1,0.007,14257,96.769
"HP:0009829",1,0.007,14258,96.776
"HP:0009832",1,0.007,14259,96.783
"HP:0009892",1,0.007,14260,96.79
"HP:0009894",1,0.007,14261,96.796
"HP:0009899",1,0.007,14262,96.803
"HP:0009906",1,0.007,14263,96.81
"HP:0009907",1,0.007,14264,96.817
"HP:0009916",1,0.007,14265,96.823
"HP:0009931",1,0.007,14266,96.83
"HP:0009933",1,0.007,14267,96.837
"HP:0009939",1,0.007,14268,96.844
"HP:0009942",1,0.007,14269,96.851
"HP:0009943",1,0.007,14270,96.857
"HP:0009997",1,0.007,14271,96.864
"HP:0010047",1,0.007,14272,96.871
"HP:0010105",1,0.007,14273,96.878
"HP:0010185",1,0.007,14274,96.885
"HP:0010234",1,0.007,14275,96.891
"HP:0010252",1,0.007,14276,96.898
"HP:0010284",1,0.007,14277,96.905
"HP:0010289",1,0.007,14278,96.912
"HP:0010291",1,0.007,14279,96.918
"HP:0010293",1,0.007,14280,96.925
"HP:0010306",1,0.007,14281,96.932
"HP:0010307",1,0.007,14282,96.939
"HP:0010309",1,0.007,14283,96.946
"HP:0010311",1,0.007,14284,96.952
"HP:0010316",1,0.007,14285,96.959
"HP:0010327",1,0.007,14286,96.966
"HP:0010339",1,0.007,14287,96.973
"HP:0010443",1,0.007,14288,96.98
"HP:0010461",1,0.007,14289,96.986
"HP:0010469",1,0.007,14290,96.993
"HP:0010485",1,0.007,14291,97
"HP:0010487",1,0.007,14292,97.007
"HP:0010490",1,0.007,14293,97.014
"HP:0010493",1,0.007,14294,97.02
"HP:0010501",1,0.007,14295,97.027
"HP:0010505",1,0.007,14296,97.034
"HP:0010521",1,0.007,14297,97.041
"HP:0010524",1,0.007,14298,97.047
"HP:0010532",1,0.007,14299,97.054
"HP:0010536",1,0.007,14300,97.061
"HP:0010544",1,0.007,14301,97.068
"HP:0010550",1,0.007,14302,97.075
"HP:0010553",1,0.007,14303,97.081
"HP:0010566",1,0.007,14304,97.088
"HP:0010583",1,0.007,14305,97.095
"HP:0010584",1,0.007,14306,97.102
"HP:0010609",1,0.007,14307,97.109
"HP:0010622",1,0.007,14308,97.115
"HP:0010624",1,0.007,14309,97.122
"HP:0010648",1,0.007,14310,97.129
"HP:0010654",1,0.007,14311,97.136
"HP:0010662",1,0.007,14312,97.142
"HP:0010663",1,0.007,14313,97.149
"HP:0010665",1,0.007,14314,97.156
"HP:0010719",1,0.007,14315,97.163
"HP:0010721",1,0.007,14316,97.17
"HP:0010747",1,0.007,14317,97.176
"HP:0010752",1,0.007,14318,97.183
"HP:0010783",1,0.007,14319,97.19
"HP:0010784",1,0.007,14320,97.197
"HP:0010786",1,0.007,14321,97.204
"HP:0010788",1,0.007,14322,97.21
"HP:0010794",1,0.007,14323,97.217
"HP:0010800",1,0.007,14324,97.224
"HP:0010818",1,0.007,14325,97.231
"HP:0010831",1,0.007,14326,97.237
"HP:0010832",1,0.007,14327,97.244
"HP:0010843",1,0.007,14328,97.251
"HP:0010848",1,0.007,14329,97.258
"HP:0010867",1,0.007,14330,97.265
"HP:0010877",1,0.007,14331,97.271
"HP:0010943",1,0.007,14332,97.278
"HP:0010945",1,0.007,14333,97.285
"HP:0010952",1,0.007,14334,97.292
"HP:0010972",1,0.007,14335,97.299
"HP:0010975",1,0.007,14336,97.305
"HP:0010982",1,0.007,14337,97.312
"HP:0010984",1,0.007,14338,97.319
"HP:0011001",1,0.007,14339,97.326
"HP:0011025",1,0.007,14340,97.333
"HP:0011034",1,0.007,14341,97.339
"HP:0011067",1,0.007,14342,97.346
"HP:0011078",1,0.007,14343,97.353
"HP:0011090",1,0.007,14344,97.36
"HP:0011100",1,0.007,14345,97.366
"HP:0011107",1,0.007,14346,97.373
"HP:0011109",1,0.007,14347,97.38
"HP:0011121",1,0.007,14348,97.387
"HP:0011127",1,0.007,14349,97.394
"HP:0011150",1,0.007,14350,97.4
"HP:0011170",1,0.007,14351,97.407
"HP:0011185",1,0.007,14352,97.414
"HP:0011188",1,0.007,14353,97.421
"HP:0011195",1,0.007,14354,97.428
"HP:0011197",1,0.007,14355,97.434
"HP:0011238",1,0.007,14356,97.441
"HP:0011267",1,0.007,14357,97.448
"HP:0011272",1,0.007,14358,97.455
"HP:0011298",1,0.007,14359,97.461
"HP:0011300",1,0.007,14360,97.468
"HP:0011311",1,0.007,14361,97.475
"HP:0011318",1,0.007,14362,97.482
"HP:0011327",1,0.007,14363,97.489
"HP:0011328",1,0.007,14364,97.495
"HP:0011332",1,0.007,14365,97.502
"HP:0011341",1,0.007,14366,97.509
"HP:0011362",1,0.007,14367,97.516
"HP:0011367",1,0.007,14368,97.523
"HP:0011370",1,0.007,14369,97.529
"HP:0011382",1,0.007,14370,97.536
"HP:0011387",1,0.007,14371,97.543
"HP:0011401",1,0.007,14372,97.55
"HP:0011406",1,0.007,14373,97.557
"HP:0011407",1,0.007,14374,97.563
"HP:0011410",1,0.007,14375,97.57
"HP:0011423",1,0.007,14376,97.577
"HP:0011432",1,0.007,14377,97.584
"HP:0011446",1,0.007,14378,97.59
"HP:0011447",1,0.007,14379,97.597
"HP:0011480",1,0.007,14380,97.604
"HP:0011527",1,0.007,14381,97.611
"HP:0011560",1,0.007,14382,97.618
"HP:0011580",1,0.007,14383,97.624
"HP:0011599",1,0.007,14384,97.631
"HP:0011641",1,0.007,14385,97.638
"HP:0011648",1,0.007,14386,97.645
"HP:0011671",1,0.007,14387,97.652
"HP:0011688",1,0.007,14388,97.658
"HP:0011703",1,0.007,14389,97.665
"HP:0011755",1,0.007,14390,97.672
"HP:0011823",1,0.007,14391,97.679
"HP:0011832",1,0.007,14392,97.685
"HP:0011842",1,0.007,14393,97.692
"HP:0011877",1,0.007,14394,97.699
"HP:0011897",1,0.007,14395,97.706
"HP:0011902",1,0.007,14396,97.713
"HP:0011903",1,0.007,14397,97.719
"HP:0011907",1,0.007,14398,97.726
"HP:0011913",1,0.007,14399,97.733
"HP:0011917",1,0.007,14400,97.74
"HP:0011922",1,0.007,14401,97.747
"HP:0011927",1,0.007,14402,97.753
"HP:0011961",1,0.007,14403,97.76
"HP:0011971",1,0.007,14404,97.767
"HP:0011979",1,0.007,14405,97.774
"HP:0011985",1,0.007,14406,97.78
"HP:0011999",1,0.007,14407,97.787
"HP:0012000",1,0.007,14408,97.794
"HP:0012001",1,0.007,14409,97.801
"HP:0012037",1,0.007,14410,97.808
"HP:0012041",1,0.007,14411,97.814
"HP:0012043",1,0.007,14412,97.821
"HP:0012049",1,0.007,14413,97.828
"HP:0012051",1,0.007,14414,97.835
"HP:0012056",1,0.007,14415,97.842
"HP:0012075",1,0.007,14416,97.848
"HP:0012076",1,0.007,14417,97.855
"HP:0012081",1,0.007,14418,97.862
"HP:0012085",1,0.007,14419,97.869
"HP:0012104",1,0.007,14420,97.876
"HP:0012113",1,0.007,14421,97.882
"HP:0012120",1,0.007,14422,97.889
"HP:0012126",1,0.007,14423,97.896
"HP:0012132",1,0.007,14424,97.903
"HP:0012136",1,0.007,14425,97.909
"HP:0012137",1,0.007,14426,97.916
"HP:0012138",1,0.007,14427,97.923
"HP:0012142",1,0.007,14428,97.93
"HP:0012143",1,0.007,14429,97.937
"HP:0012167",1,0.007,14430,97.943
"HP:0012174",1,0.007,14431,97.95
"HP:0012176",1,0.007,14432,97.957
"HP:0012179",1,0.007,14433,97.964
"HP:0012189",1,0.007,14434,97.971
"HP:0012190",1,0.007,14435,97.977
"HP:0012203",1,0.007,14436,97.984
"HP:0012207",1,0.007,14437,97.991
"HP:0012211",1,0.007,14438,97.998
"HP:0012227",1,0.007,14439,98.004
"HP:0012254",1,0.007,14440,98.011
"HP:0012325",1,0.007,14441,98.018
"HP:0012330",1,0.007,14442,98.025
"HP:0012332",1,0.007,14443,98.032
"HP:0012334",1,0.007,14444,98.038
"HP:0012377",1,0.007,14445,98.045
"HP:0012387",1,0.007,14446,98.052
"HP:0012393",1,0.007,14447,98.059
"HP:0012407",1,0.007,14448,98.066
"HP:0012428",1,0.007,14449,98.072
"HP:0012430",1,0.007,14450,98.079
"HP:0012432",1,0.007,14451,98.086
"HP:0012434",1,0.007,14452,98.093
"HP:0012453",1,0.007,14453,98.1
"HP:0012472",1,0.007,14454,98.106
"HP:0012487",1,0.007,14455,98.113
"HP:0012532",1,0.007,14456,98.12
"HP:0012537",1,0.007,14457,98.127
"HP:0012538",1,0.007,14458,98.133
"HP:0012539",1,0.007,14459,98.14
"HP:0012551",1,0.007,14460,98.147
"HP:0012579",1,0.007,14461,98.154
"HP:0012583",1,0.007,14462,98.161
"HP:0012588",1,0.007,14463,98.167
"HP:0012622",1,0.007,14464,98.174
"HP:0012689",1,0.007,14465,98.181
"HP:0012699",1,0.007,14466,98.188
"HP:0012701",1,0.007,14467,98.195
"HP:0012704",1,0.007,14468,98.201
"HP:0012718",1,0.007,14469,98.208
"HP:0012719",1,0.007,14470,98.215
"HP:0012724",1,0.007,14471,98.222
"HP:0012725",1,0.007,14472,98.228
"HP:0012733",1,0.007,14473,98.235
"HP:0012735",1,0.007,14474,98.242
"HP:0012766",1,0.007,14475,98.249
"HP:0012768",1,0.007,14476,98.256
"HP:0012789",1,0.007,14477,98.262
"HP:0012795",1,0.007,14478,98.269
"HP:0012799",1,0.007,14479,98.276
"HP:0012801",1,0.007,14480,98.283
"HP:0012803",1,0.007,14481,98.29
"HP:0012813",1,0.007,14482,98.296
"HP:0012817",1,0.007,14483,98.303
"HP:0012871",1,0.007,14484,98.31
"HP:0012905",1,0.007,14485,98.317
"HP:0020006",1,0.007,14486,98.323
"HP:0020151",1,0.007,14487,98.33
"HP:0020216",1,0.007,14488,98.337
"HP:0025017",1,0.007,14489,98.344
"HP:0025085",1,0.007,14490,98.351
"HP:0025101",1,0.007,14491,98.357
"HP:0025104",1,0.007,14492,98.364
"HP:0025127",1,0.007,14493,98.371
"HP:0025195",1,0.007,14494,98.378
"HP:0025300",1,0.007,14495,98.385
"HP:0025318",1,0.007,14496,98.391
"HP:0025387",1,0.007,14497,98.398
"HP:0025403",1,0.007,14498,98.405
"HP:0025430",1,0.007,14499,98.412
"HP:0025435",1,0.007,14500,98.419
"HP:0025455",1,0.007,14501,98.425
"HP:0025481",1,0.007,14502,98.432
"HP:0025646",1,0.007,14503,98.439
"HP:0025671",1,0.007,14504,98.446
"HP:0030002",1,0.007,14505,98.452
"HP:0030011",1,0.007,14506,98.459
"HP:0030016",1,0.007,14507,98.466
"HP:0030019",1,0.007,14508,98.473
"HP:0030037",1,0.007,14509,98.48
"HP:0030043",1,0.007,14510,98.486
"HP:0030145",1,0.007,14511,98.493
"HP:0030149",1,0.007,14512,98.5
"HP:0030200",1,0.007,14513,98.507
"HP:0030215",1,0.007,14514,98.514
"HP:0030217",1,0.007,14515,98.52
"HP:0030223",1,0.007,14516,98.527
"HP:0030311",1,0.007,14517,98.534
"HP:0030319",1,0.007,14518,98.541
"HP:0030357",1,0.007,14519,98.547
"HP:0030358",1,0.007,14520,98.554
"HP:0030392",1,0.007,14521,98.561
"HP:0030424",1,0.007,14522,98.568
"HP:0030446",1,0.007,14523,98.575
"HP:0030490",1,0.007,14524,98.581
"HP:0030502",1,0.007,14525,98.588
"HP:0030664",1,0.007,14526,98.595
"HP:0030676",1,0.007,14527,98.602
"HP:0030736",1,0.007,14528,98.609
"HP:0030799",1,0.007,14529,98.615
"HP:0030853",1,0.007,14530,98.622
"HP:0030880",1,0.007,14531,98.629
"HP:0030891",1,0.007,14532,98.636
"HP:0031041",1,0.007,14533,98.643
"HP:0031077",1,0.007,14534,98.649
"HP:0031095",1,0.007,14535,98.656
"HP:0031162",1,0.007,14536,98.663
"HP:0031228",1,0.007,14537,98.67
"HP:0031408",1,0.007,14538,98.676
"HP:0031473",1,0.007,14539,98.683
"HP:0031504",1,0.007,14540,98.69
"HP:0031535",1,0.007,14541,98.697
"HP:0031566",1,0.007,14542,98.704
"HP:0031589",1,0.007,14543,98.71
"HP:0031623",1,0.007,14544,98.717
"HP:0031627",1,0.007,14545,98.724
"HP:0031717",1,0.007,14546,98.731
"HP:0031793",1,0.007,14547,98.738
"HP:0031807",1,0.007,14548,98.744
"HP:0031834",1,0.007,14549,98.751
"HP:0031849",1,0.007,14550,98.758
"HP:0031874",1,0.007,14551,98.765
"HP:0031882",1,0.007,14552,98.771
"HP:0031891",1,0.007,14553,98.778
"HP:0031901",1,0.007,14554,98.785
"HP:0031923",1,0.007,14555,98.792
"HP:0031938",1,0.007,14556,98.799
"HP:0031960",1,0.007,14557,98.805
"HP:0032012",1,0.007,14558,98.812
"HP:0032041",1,0.007,14559,98.819
"HP:0032077",1,0.007,14560,98.826
"HP:0032155",1,0.007,14561,98.833
"HP:0032169",1,0.007,14562,98.839
"HP:0032235",1,0.007,14563,98.846
"HP:0032263",1,0.007,14564,98.853
"HP:0032276",1,0.007,14565,98.86
"HP:0032315",1,0.007,14566,98.866
"HP:0032434",1,0.007,14567,98.873
"HP:0032435",1,0.007,14568,98.88
"HP:0032438",1,0.007,14569,98.887
"HP:0032447",1,0.007,14570,98.894
"HP:0032471",1,0.007,14571,98.9
"HP:0032508",1,0.007,14572,98.907
"HP:0032509",1,0.007,14573,98.914
"HP:0032524",1,0.007,14574,98.921
"HP:0032558",1,0.007,14575,98.928
"HP:0032559",1,0.007,14576,98.934
"HP:0032588",1,0.007,14577,98.941
"HP:0032622",1,0.007,14578,98.948
"HP:0032807",1,0.007,14579,98.955
"HP:0032895",1,0.007,14580,98.962
"HP:0033028",1,0.007,14581,98.968
"HP:0033036",1,0.007,14582,98.975
"HP:0033040",1,0.007,14583,98.982
"HP:0033049",1,0.007,14584,98.989
"HP:0033052",1,0.007,14585,98.995
"HP:0033111",1,0.007,14586,99.002
"HP:0033128",1,0.007,14587,99.009
"HP:0033142",1,0.007,14588,99.016
"HP:0033189",1,0.007,14589,99.023
"HP:0033258",1,0.007,14590,99.029
"HP:0033393",1,0.007,14591,99.036
"HP:0033505",1,0.007,14592,99.043
"HP:0033542",1,0.007,14593,99.05
"HP:0033556",1,0.007,14594,99.057
"HP:0033596",1,0.007,14595,99.063
"HP:0033606",1,0.007,14596,99.07
"HP:0033726",1,0.007,14597,99.077
"HP:0033737",1,0.007,14598,99.084
"HP:0033748",1,0.007,14599,99.09
"HP:0033832",1,0.007,14600,99.097
"HP:0033834",1,0.007,14601,99.104
"HP:0033850",1,0.007,14602,99.111
"HP:0034003",1,0.007,14603,99.118
"HP:0034011",1,0.007,14604,99.124
"HP:0034076",1,0.007,14605,99.131
"HP:0034077",1,0.007,14606,99.138
"HP:0034093",1,0.007,14607,99.145
"HP:0034096",1,0.007,14608,99.152
"HP:0034185",1,0.007,14609,99.158
"HP:0034187",1,0.007,14610,99.165
"HP:0034199",1,0.007,14611,99.172
"HP:0034373",1,0.007,14612,99.179
"HP:0034391",1,0.007,14613,99.186
"HP:0034401",1,0.007,14614,99.192
"HP:0034402",1,0.007,14615,99.199
"HP:0040010",1,0.007,14616,99.206
"HP:0040012",1,0.007,14617,99.213
"HP:0040016",1,0.007,14618,99.219
"HP:0040078",1,0.007,14619,99.226
"HP:0040129",1,0.007,14620,99.233
"HP:0040160",1,0.007,14621,99.24
"HP:0040186",1,0.007,14622,99.247
"HP:0040188",1,0.007,14623,99.253
"HP:0040189",1,0.007,14624,99.26
"HP:0040194",1,0.007,14625,99.267
"HP:0040197",1,0.007,14626,99.274
"HP:0040218",1,0.007,14627,99.281
"HP:0040270",1,0.007,14628,99.287
"HP:0040328",1,0.007,14629,99.294
"HP:0045028",1,0.007,14630,99.301
"HP:0045042",1,0.007,14631,99.308
"HP:0045073",1,0.007,14632,99.314
"HP:0045084",1,0.007,14633,99.321
"HP:0100001",1,0.007,14634,99.328
"HP:0100008",1,0.007,14635,99.335
"HP:0100026",1,0.007,14636,99.342
"HP:0100028",1,0.007,14637,99.348
"HP:0100031",1,0.007,14638,99.355
"HP:0100040",1,0.007,14639,99.362
"HP:0100240",1,0.007,14640,99.369
"HP:0100273",1,0.007,14641,99.376
"HP:0100279",1,0.007,14642,99.382
"HP:0100297",1,0.007,14643,99.389
"HP:0100307",1,0.007,14644,99.396
"HP:0100309",1,0.007,14645,99.403
"HP:0100333",1,0.007,14646,99.409
"HP:0100335",1,0.007,14647,99.416
"HP:0100336",1,0.007,14648,99.423
"HP:0100348",1,0.007,14649,99.43
"HP:0100349",1,0.007,14650,99.437
"HP:0100368",1,0.007,14651,99.443
"HP:0100391",1,0.007,14652,99.45
"HP:0100494",1,0.007,14653,99.457
"HP:0100499",1,0.007,14654,99.464
"HP:0100515",1,0.007,14655,99.471
"HP:0100541",1,0.007,14656,99.477
"HP:0100545",1,0.007,14657,99.484
"HP:0100560",1,0.007,14658,99.491
"HP:0100570",1,0.007,14659,99.498
"HP:0100571",1,0.007,14660,99.505
"HP:0100574",1,0.007,14661,99.511
"HP:0100576",1,0.007,14662,99.518
"HP:0100578",1,0.007,14663,99.525
"HP:0100579",1,0.007,14664,99.532
"HP:0100585",1,0.007,14665,99.538
"HP:0100587",1,0.007,14666,99.545
"HP:0100592",1,0.007,14667,99.552
"HP:0100595",1,0.007,14668,99.559
"HP:0100602",1,0.007,14669,99.566
"HP:0100631",1,0.007,14670,99.572
"HP:0100639",1,0.007,14671,99.579
"HP:0100646",1,0.007,14672,99.586
"HP:0100659",1,0.007,14673,99.593
"HP:0100669",1,0.007,14674,99.6
"HP:0100699",1,0.007,14675,99.606
"HP:0100703",1,0.007,14676,99.613
"HP:0100726",1,0.007,14677,99.62
"HP:0100729",1,0.007,14678,99.627
"HP:0100736",1,0.007,14679,99.633
"HP:0100743",1,0.007,14680,99.64
"HP:0100754",1,0.007,14681,99.647
"HP:0100755",1,0.007,14682,99.654
"HP:0100757",1,0.007,14683,99.661
"HP:0100763",1,0.007,14684,99.667
"HP:0100764",1,0.007,14685,99.674
"HP:0100775",1,0.007,14686,99.681
"HP:0100777",1,0.007,14687,99.688
"HP:0100783",1,0.007,14688,99.695
"HP:0100797",1,0.007,14689,99.701
"HP:0100817",1,0.007,14690,99.708
"HP:0100820",1,0.007,14691,99.715
"HP:0100825",1,0.007,14692,99.722
"HP:0100832",1,0.007,14693,99.729
"HP:0100835",1,0.007,14694,99.735
"HP:0100836",1,0.007,14695,99.742
"HP:0100838",1,0.007,14696,99.749
"HP:0100840",1,0.007,14697,99.756
"HP:0100845",1,0.007,14698,99.762
"HP:0100851",1,0.007,14699,99.769
"HP:0100853",1,0.007,14700,99.776
"HP:0100864",1,0.007,14701,99.783
"HP:0100867",1,0.007,14702,99.79
"HP:0100872",1,0.007,14703,99.796
"HP:0100886",1,0.007,14704,99.803
"HP:0100890",1,0.007,14705,99.81
"HP:0200000",1,0.007,14706,99.817
"HP:0200012",1,0.007,14707,99.824
"HP:0200020",1,0.007,14708,99.83
"HP:0200042",1,0.007,14709,99.837
"HP:0200053",1,0.007,14710,99.844
"HP:0200101",1,0.007,14711,99.851
"HP:0200104",1,0.007,14712,99.857
"HP:0200105",1,0.007,14713,99.864
"HP:0200143",1,0.007,14714,99.871
"HP:0200147",1,0.007,14715,99.878
"HP:0400005",1,0.007,14716,99.885
"HP:0410170",1,0.007,14717,99.891
"HP:0410275",1,0.007,14718,99.898
"HP:0430028",1,0.007,14719,99.905
"HP:0430043",1,0.007,14720,99.912
"HP:0500231",1,0.007,14721,99.919
"HP:3000038",1,0.007,14722,99.925
"HP:4000007",1,0.007,14723,99.932
"HP:4000070",1,0.007,14724,99.939
"HP:4000073",1,0.007,14725,99.946
"HP:4000076",1,0.007,14726,99.952
"HP:4000081",1,0.007,14727,99.959
"HP:4000170",1,0.007,14728,99.966
"HP:4000200",1,0.007,14729,99.973
"HP:5000038",1,0.007,14730,99.98
"HP:5200060",1,0.007,14731,99.986
"HP:5200360",1,0.007,14732,99.993
"HP:6000993",1,0.007,14733,100
